-- phpMyAdmin SQL Dump
-- version 4.1.14
-- http://www.phpmyadmin.net
--
-- Host: 127.0.0.1
-- Generation Time: 2016-11-28 21:08:11
-- 服务器版本： 5.6.17
-- PHP Version: 5.5.12

SET SQL_MODE = "NO_AUTO_VALUE_ON_ZERO";
SET time_zone = "+00:00";


/*!40101 SET @OLD_CHARACTER_SET_CLIENT=@@CHARACTER_SET_CLIENT */;
/*!40101 SET @OLD_CHARACTER_SET_RESULTS=@@CHARACTER_SET_RESULTS */;
/*!40101 SET @OLD_COLLATION_CONNECTION=@@COLLATION_CONNECTION */;
/*!40101 SET NAMES utf8 */;

--
-- Database: `zky`
--

-- --------------------------------------------------------

--
-- 表的结构 `tp_answer`
--

CREATE TABLE IF NOT EXISTS `tp_answer` (
  `id` int(11) NOT NULL AUTO_INCREMENT,
  `userid` int(11) NOT NULL,
  `messageid` int(11) NOT NULL,
  `content` text NOT NULL,
  `date` varchar(50) NOT NULL,
  PRIMARY KEY (`id`)
) ENGINE=InnoDB  DEFAULT CHARSET=utf8 AUTO_INCREMENT=73 ;

--
-- 转存表中的数据 `tp_answer`
--

INSERT INTO `tp_answer` (`id`, `userid`, `messageid`, `content`, `date`) VALUES
(1, 9, 1, '哈哈哈', '2016-10-09'),
(2, 8, 1, '我就是', '2016-10-09'),
(3, 6, 1, '古代中国', '2015-10-09'),
(4, 11, 1, '大家好，我是植物科学与技术学院学生', '2015-10-09'),
(5, 11, 1, '大家好，我是信息学院学生', '2016-10-09'),
(6, 9, 1, '来了就是武汉人，文明武汉欢迎您', '2016-10-09'),
(13, 111, 3, '沸点工作室招新', '1476442193'),
(15, 11, 1, '还不知道好好珍惜', '1476513630'),
(16, 11, 1, '哈哈哈，老夫让你见笑了', '2016-10-15 14:41:04'),
(17, 11, 1, 'lalala', '2016-10-15 14:45:42'),
(18, 11, 1, 'lalala', '2016-10-15 14:56:52'),
(19, 11, 1, 'oyou', '2016-10-15 14:57:44'),
(21, 11, 5, 'shide', '2016-10-15 15:17:09'),
(22, 11, 12, '456', '2016-10-15 15:18:30'),
(23, 11, 12, '456', '2016-10-15 15:18:47'),
(24, 11, 7, '531', '2016-10-15 15:18:57'),
(25, 11, 7, '531', '2016-10-15 15:19:19'),
(26, 11, 12, '1456', '2016-10-15 15:28:06'),
(27, 11, 12, '1456', '2016-10-15 15:28:21'),
(28, 11, 12, '1456', '2016-10-15 15:28:43'),
(29, 11, 12, '1456', '2016-10-15 15:31:52'),
(30, 11, 12, '1456', '2016-10-15 15:32:22'),
(31, 11, 1, 'hahaha', '2016-10-15 15:39:07'),
(32, 11, 1, '成功了', '2016-10-15 15:40:35'),
(33, 11, 8, 'I love you', '2016-10-15 15:42:14'),
(34, 11, 8, 'uoy', '2016-10-15 15:43:30'),
(36, 11, 1, '1234', '2016-10-15 16:14:23'),
(37, 11, 3, 'yeap\r\n', '2016-10-15 16:26:52'),
(38, 0, 13, '四教A102', '2016-10-17 16:04:05'),
(43, 11, 13, '现在是北京时间16:16', '2016-10-17 16:16:56'),
(44, 11, 9, '田尧', '2016-10-17 16:17:56'),
(49, 6, 17, '瓦咔咔', '2016-10-18 21:16:19'),
(50, 6, 17, '哈哈哈', '2016-10-18 21:17:47'),
(51, 6, 17, '现在是北京时间21:21', '2016-10-18 21:21:33'),
(52, 6, 39, '17日凌晨4时15分许，航天员出征仪式在酒泉卫星发射中心问天阁举行。范长龙代表党中央、国务院和中央军委，代表习近平总书记，亲切看望了执行神舟十一号载人飞行任务的航天员景海鹏、陈冬。\r\n\r\n航天员们郑重表示，服从命令，听从指挥，沉着冷静，精心操作，圆满完成任务，请祖国和人民放心。在送行人群的鼓掌欢呼声中航天员们乘车前往发射场，进入飞船作发射前的准备。', '2016-10-18 21:52:15'),
(54, 6, 1, 'wakakaka', '2016-10-19 17:57:59'),
(55, 6, 39, '收到！', '2016-10-19 22:15:22'),
(58, 11, 0, 'shavi', '2016-10-21 15:12:42'),
(60, 6, 44, '安门事', '2016-10-22 20:18:22'),
(61, 6, 44, '安门事', '2016-10-22 20:23:25'),
(62, 6, 44, '安门事', '2016-10-22 20:24:51'),
(63, 6, 44, '八九政治', '2016-10-22 20:29:42'),
(64, 6, 44, '阿扁推翻', '2016-10-22 20:30:30'),
(65, 6, 44, '阿扁推翻', '2016-10-22 20:31:22'),
(70, 6, 44, '我刚刚***', '2016-10-22 21:17:09'),
(71, 6, 44, '项健健说他有一个***，他是一个***', '2016-10-22 21:19:12'),
(72, 6, 44, '***', '2016-10-22 21:52:56');

-- --------------------------------------------------------

--
-- 表的结构 `tp_equipment`
--

CREATE TABLE IF NOT EXISTS `tp_equipment` (
  `id` int(11) NOT NULL AUTO_INCREMENT,
  `eid` int(11) NOT NULL,
  `eoutid` varchar(32) NOT NULL,
  `ecname` varchar(32) NOT NULL DEFAULT '',
  `etype` varchar(32) NOT NULL DEFAULT '',
  `eprice` varchar(32) NOT NULL DEFAULT '',
  `now` varchar(32) NOT NULL,
  `eblong` varchar(32) NOT NULL,
  `elocation` varchar(32) NOT NULL DEFAULT '',
  `ecmanufactor` varchar(32) NOT NULL DEFAULT '',
  `introduction` text,
  `imagicname` varchar(32) NOT NULL,
  `imagicaddress` varchar(100) NOT NULL,
  `class` int(32) NOT NULL DEFAULT '7',
  `count` int(11) NOT NULL DEFAULT '0',
  PRIMARY KEY (`id`)
) ENGINE=MyISAM  DEFAULT CHARSET=utf8 AUTO_INCREMENT=115 ;

--
-- 转存表中的数据 `tp_equipment`
--

INSERT INTO `tp_equipment` (`id`, `eid`, `eoutid`, `ecname`, `etype`, `eprice`, `now`, `eblong`, `elocation`, `ecmanufactor`, `introduction`, `imagicname`, `imagicaddress`, `class`, `count`) VALUES
(1, 1, '21105795', '门禁系统', '*', '4400', '在用', '中心共享平台', '东附楼', '武汉精弘智能科技发展有限公司', '东附楼大门进出口', '', '', 1, 1),
(2, 2, '21105794', '门禁系统', '*', '4400', '在用', '中心共享平台', '东附楼', '武汉精弘智能科技发展有限公司', '东附楼大门进出口', '', '', 1, 0),
(3, 3, '21306487', '空调', 'KPR-32GW/DY', '2000', '在用', '中心共享平台', '东附楼107', '广东美的制冷设备公司', '林杨等年轻老师办公室', '', '', 1, 0),
(4, 4, '21204984', '离心机', 'MIKRO 120R', '11271', '在用', '中心共享平台', '东附楼110', '德国Hettich', '董五辈老师', '', '', 1, 0),
(5, 5, '21505681', '手提式计算机', 'XpsB-9343-3708', '8860', '在用', '中心共享平台', '东附楼111', 'DELL有限公司', '', '', '', 1, 0),
(6, 6, '21505357', '液相色谱质谱联用仪', 'UPLC-QTOF Xevo G2XS', '2494000', '在用', '中心共享平台', '东附楼111', '美国 Waters', '', '', '', 1, 0),
(7, 7, '21505354', '气相色谱质谱仪', 'GCMS-QP2010ULTRA', '503200', '在用', '中心共享平台', '东附楼111', '日本岛津', '', '', '', 1, 0),
(8, 8, '21400561', '通风机（柜）', '*', '9750', '在用', '中心共享平台', '东附楼111', '武汉科贝科技有限公司', '', '', '', 1, 0),
(9, 9, '21400560', '通风机（柜）', '*', '9750', '在用', '中心共享平台', '东附楼111', '武汉科贝科技有限公司', '', '', '', 1, 0),
(10, 10, '21104472', '空调', ' ', '1800', '在用', '实验教学平台', '东附楼201', '广东美的有限公司', '', '', '', 1, 0),
(11, 11, '21200983', '微型计算机', '兼容', '2180', '在用', '中心共享平台', '东附楼202', '*', '郑烈生', '', '', 1, 0),
(12, 12, '21104473', '空调', 'KFR-72LW', '1800', '在用', '实验教学平台', '东附楼202', '广东美的有限公司', '', '', '', 1, 0),
(13, 13, '21415902', '电子天平', 'AR1502CN', '4000', '在用', '中心共享平台', '东附楼203', '美国奥豪斯', '新的，因使用的人较少，未开封', '', '', 1, 0),
(14, 14, '21205006', '光栅型酶标仪', 'Enspire', '265200', '在用', '中心共享平台', '东附楼203', '美国PerkinE/mer', '', '', '', 1, 0),
(15, 15, '21105808', '紫外分光光度计', 'Cary50', '81600', '在用', '中心共享平台', '东附楼203', '美国惠普', '使用频率低', '', '', 1, 0),
(16, 16, '20905062', '定量PCR仪', '', '347500', '在用', '中心共享平台', '东附楼203', '美国BIO-RAD', '', '', '', 1, 0),
(17, 17, '20081213', '紫外可见分光光度计', 'UV-3100', '107210', '在用', '中心共享平台', '东附楼203', '日立公司', '', '', '', 1, 0),
(18, 18, '20081219', '体视显微镜', 'S8APO', '83050', '在用', '中心共享平台', '东附楼203', '莱卡', '', '', '', 1, 0),
(19, 19, '21104474', '空调', 'KFR-72LW', '1800', '在用', '实验教学平台', '东附楼203', '广东美的有限公司', '', '', '', 1, 0),
(20, 20, '21403300', '超低温冰箱', 'MDF-U53V', '46875', '在用', '中心共享平台', '东附楼204', '日本三洋电机株式会社', '', '', '', 1, 0),
(21, 21, '20081254', '超低温冰箱', 'VXE570', '49075', '在用', '中心共享平台', '东附楼204', '。', '', '', '', 1, 0),
(22, 22, '20081216', '超低温冰箱', 'VXE570', '49075', '在用', '中心共享平台', '东附楼204', 'THERMO', '', '', '', 1, 0),
(23, 23, '20074704', '高速冷冻离心机', 'GR-21', '130820', '在用', '中心共享平台', '东附楼204', '*', '', '', '', 1, 0),
(24, 24, '21104464', '空调', 'KFR-72LW', '4350', '在用', '实验教学平台', '东附楼204', '广东美的有限公司', '', '', '', 1, 0),
(25, 25, '21200062', '便携式光合仪', 'LI-6400XT', '297000', '在用', '中心共享平台', '东附楼205', '美国LICOR公司', '助管，目前寄回北京维修中', '', '', 1, 0),
(26, 26, '21104475', '空调', 'KFR-72LW', '1800', '在用', '实验教学平台', '东附楼205', '广东美的有限公司', '', '', '', 1, 0),
(27, 27, '21415891', '恒温摇床', 'HQD-300L', '16500', '在用', '中心共享平台', '东附楼206', '武汉海声达', '', '', '', 1, 0),
(28, 28, '21300455', '全温摇床', 'NRY-2102C', '12450', '在用', '中心共享平台', '东附楼206', '上海南荣仪器设备有限公司', '', '', '', 1, 0),
(29, 29, '21300454', '全温摇床', 'NRY-2102C', '12450', '在用', '中心共享平台', '东附楼206', '上海南荣仪器设备有限公司', '', '', '', 1, 0),
(30, 30, '21204995', '分子杂交箱', 'HB-1000', '18564', '在用', '中心共享平台', '东附楼206', '美国UVP公司', '', '', '', 1, 0),
(31, 31, '20210055', '隔水式电热恒温培养箱', 'PYX-DHS', '3432', '在用', '中心共享平台', '东附楼206', '上海跃进医疗器械厂', '', '', '', 1, 0),
(32, 32, '21104450', '空调', 'KFR-72QW', '7300', '在用', '实验教学平台', '东附楼206', '广东美的有限公司', '', '', '', 1, 0),
(33, 33, '21600019', '纯水器', 'ZWM-UT1-20', '27000', '在用', '中心共享平台', '东附楼207', '湖南中沃', '', '', '', 1, 0),
(34, 34, '21200003', '纯水机', 'AJY-0501-U', '31500', '在用', '中心共享平台', '东附楼207', '重庆頣洋企业发展有限公司', '', '', '', 1, 0),
(35, 35, '20081285', '全自动高压灭菌器', 'HVE-50', '38000', '在用', '中心共享平台', '东附楼207', 'HIRAYAMA', '', '', '', 1, 0),
(36, 36, '21204997', '全自动灭菌锅', 'SX-SOO', '41106', '在用', '中心共享平台', '东附楼207', '美国UVP公司', '在修，不到报废时间，等买到新的这个放到一边', '', '', 1, 0),
(37, 37, '21204996', '全自动灭菌锅', 'SX-SOO', '41106', '在用', '中心共享平台', '东附楼207', '美国UVP公司', '在修，不到报废时间，等买到新的这个放到一边', '', '', 1, 0),
(38, 38, '21204978', '制冰机', 'SLM-F140AY65', '29385', '在用', '中心共享平台', '东附楼207', '日本三洋电机株式会社', '', '', '', 1, 0),
(39, 39, '20112660', '制冰机', 'SIM-F124', '31500', '在用', '中心共享平台', '东附楼207', 'snyo electric co ltd', '', '', '', 1, 0),
(40, 40, '21104476', '空调', 'KFR-72LW', '1800', '在用', '实验教学平台', '东附楼207', '广东美的有限公司', '', '', '', 1, 0),
(41, 41, '21104466', '空调', 'KFR-72LW', '4350', '在用', '实验教学平台', '东附楼208', '广东美的有限公司', '', '', '', 1, 0),
(42, 42, '21104465', '空调', 'KFR-72LW', '4350', '在用', '实验教学平台', '东附楼208', '广东美的有限公司', '', '', '', 1, 0),
(43, 43, '21306733', '空气压缩机', 'CA-2静音无油泵', '3400', '在用', '中心共享平台', '东附楼209', '武汉科林普米仪器公司', '', '', '', 1, 0),
(44, 44, '21105807', '高效液相色谱仪', 'HP1260', '285600', '在用', '中心共享平台', '东附楼209', '安捷伦', '', '', '', 1, 0),
(45, 45, '20413233', '气相色谱仪', 'CP3800', '306750', '在用', '中心共享平台', '东附楼209', '美国瓦里安公司', '', '', '', 1, 0),
(46, 46, '20064392', '超声波清洗器', 'KQ-3200', '3100', '在用', '中心共享平台', '东附楼209', '昆山市超声仪器公司', '', '', '', 1, 0),
(47, 47, '20061792', '无油真空泵', 'AP-01P', '1600', '在用', '中心共享平台', '东附楼209', '天津奥特赛斯公司', '', '', '', 1, 0),
(48, 48, '21104454', '空调', 'KFR-120LW', '7100', '在用', '实验教学平台', '东附楼209', '广东美的有限公司', '', '', '', 1, 0),
(49, 49, '21104456', '空调', 'KFR-120QW', '8300', '在用', '实验教学平台', '东附楼210', '广东美的有限公司', '', '', '', 1, 0),
(50, 50, '20073401', '体视显微镜', 'NTB-4B', '8200', '在用', '农药学研究室', '东附楼210', '宁波永新光学股份公司', '', '', '', 1, 0),
(51, 51, '21420252', '双瓶气瓶柜（乙炔）', '*', '3700', '在用', '中心共享平台', '东附楼211', '无锡赛弗', '', '', '', 1, 0),
(52, 52, '21420251', '双瓶气瓶柜（氢气）', '*', '3700', '在用', '中心共享平台', '东附楼211', '无锡塞弗', '', '', '', 1, 0),
(53, 53, '21415895', '-25度冰箱', 'DW-YL270', '5200', '在用', '中心共享平台', '东附楼211', '中科美菱', '', '', '', 1, 0),
(54, 54, '21415893', '立式冷柜', 'YC-950L', '14435', '在用', '中心共享平台', '东附楼211', '中科美菱', '空闲', '', '', 1, 0),
(55, 55, '21415892', '立式冷柜', 'YC-950L', '14435', '在用', '中心共享平台', '东附楼211', '中科美菱', '空闲', '', '', 1, 0),
(56, 56, '21415886', '电泳槽', 'DYCZ-20E', '2575', '在用', '中心共享平台', '东附楼211', '北京六一', '新的，因使用的人较少，未开封', '', '', 1, 0),
(57, 57, '21415883', '电泳槽', 'DYCZ-20E', '2575', '在用', '中心共享平台', '东附楼211', '北京六一', '新的，因使用的人较少，未开封', '', '', 1, 0),
(58, 58, '21415882', '电泳槽', 'DYCZ-24DN', '5100', '在用', '中心共享平台', '东附楼211', '北京六一', '新的，因使用的人较少，未开封', '', '', 1, 0),
(59, 59, '21415881', '电泳槽', 'DYCZ-24DN', '5100', '在用', '中心共享平台', '东附楼211', '北京六一', '在用', '', '', 1, 0),
(60, 60, '21205001', '迅速黏度测定仪', 'RVA-TecMaster', '298350', '在用', '中心共享平台', '东附楼211', '波通仪器澳利亚公司', '', '', '', 1, 0),
(61, 61, '21205000', '化学发光成像系统', 'Chemic Doc xpst', '161242', '在用', '中心共享平台', '东附楼211', 'BIO-RAD', '', '', '', 1, 0),
(62, 62, '21204994', '双向电泳系统', 'Protean', '94477', '在用', '中心共享平台', '东附楼211', 'BIO-RAD', '', '', '', 1, 0),
(63, 63, '21202985', 'UPS电源', 'EAST-801', '6650', '在用', '农药学研究室', '东附楼211', '武汉楚烽科技有限公司', '粘度仪供电', '', '', 1, 0),
(64, 64, '21202984', 'UPS电源', 'EAST-801', '6650', '在用', '农药学研究室', '东附楼211', '武汉楚烽科技有限公司', '近红外供电', '', '', 1, 0),
(65, 65, '21200391', '微型计算机', '兼容', '2950', '在用', '中心共享平台', '东附楼211', '北京联想电脑有限公司', '配置近红外', '', '', 1, 0),
(66, 66, '21200061', '近红外品质快速分析仪', 'DS2500', '528000', '在用', '中心共享平台', '东附楼211', '瑞士福斯', '', '', '', 1, 0),
(67, 67, '21105851', '真空泵', '2XZ-2', '1400', '在用', '中心共享平台', '东附楼211', '浙江黃岩求精真空泵厂', '', '', '', 1, 0),
(68, 68, '21007057', '旋风式样品磨', 'CT410', '40000', '在用', '中心共享平台', '东附楼211', 'Foss', '', '', '', 1, 0),
(69, 69, '21104455', '空调', 'KFR-120LW', '7100', '在用', '实验教学平台', '东附楼211', '广东美的有限公司', '', '', '', 1, 0),
(70, 70, '20081214', '半干转印槽', '*', '10260', '在用', '中心共享平台', '东附楼212', '伯乐公司', '移至212，杨俊负责管理', '', '', 1, 0),
(71, 71, '21007051', '超净工作台', 'DL-CJ-2ND', '9300', '在用', '中心共享平台', '东附楼212', '哈尔滨市东联电子技术发展有限公司', '', '', '', 1, 0),
(72, 72, '21007048', '紫外分光光度计', 'UV2100', '13400', '在用', '中心共享平台', '东附楼212', '尤尼科（上海）仪器有限公司', '', '', '', 1, 0),
(73, 73, '20081222', 'PCR仪', 'EDC-810', '43412.5', '在用', '中心共享平台', '东附楼212', '东胜国际贸易有限公司', '', '', '', 1, 0),
(74, 74, '20081215', '高速离心机', 'C3I', '24915', '在用', '中心共享平台', '东附楼212', 'THERMO', '', '', '', 1, 0),
(75, 75, '20071853', '冷柜', 'BD/BC192CH', '1280', '在用', '中心共享平台', '东附楼212', '浙江星星集团公司', '', '', '', 1, 0),
(76, 76, '20061375', '冰箱', 'BCD-233', '2050', '在用', '中心共享平台', '东附楼212', '伊莱吉斯公司', '', '', '', 1, 0),
(77, 77, '20111182', '西门子电冰箱', 'BCD-254', '3050', '在用', '中心共享平台', '东附楼212', '安徽博西华制冷有限公', '', '', '', 1, 0),
(78, 78, '21104457', '空调', 'KFR-120QW', '8300', '在用', '实验教学平台', '东附楼212', '广东美的有限公司', '', '', '', 1, 0),
(79, 79, '21501714', '凝胶成像分析系统', 'GelDoc XR+', '62500', '在用', '中心共享平台', '东附楼213', '美国BIO-RAD', '使用频率高，故障率高，需培养学生自觉维护意识', '', '', 1, 0),
(80, 80, '21307543', '紫外分析仪', 'GL-3120', '4200', '在用', '中心共享平台', '东附楼213', '海门市其林贝尔仪器有限公司', '看胶用的，跟凝胶成像一起', '', '', 1, 0),
(81, 81, '21300453', '通风柜（机）', '*', '5600', '在用', '中心共享平台', '东附楼213', '武汉市九天飞越科技有限公司', '', '', '', 1, 0),
(82, 82, '21204993', '紫外交联仪', 'CX-2000', '10608', '在用', '中心共享平台', '东附楼213', '美国UVP公司', '使用频率很低', '', '', 1, 0),
(83, 83, '21204992', '紫外可见分光光度计', 'ND-2000(ccc)', '82875', '在用', '中心共享平台', '东附楼213', '美国 Thermｏscietific', '微型，使用频率高', '', '', 1, 0),
(84, 84, '20901175', '鼓风干燥箱', 'DHG-9071A', '1900', '在用', '中心共享平台', '东附楼213', '上海精密实验设备有限公司', '已坏，王老师建议找到单独安全空间安放后再购买', '', '', 1, 0),
(85, 85, '20081217', '高速冷冻离心机', 'CR3I', '43412.5', '在用', '中心共享平台', '东附楼213', 'THERMO', '', '', '', 1, 0),
(86, 86, '21104463', '空调', 'KFR-72LW', '4350', '在用', '实验教学平台', '东附楼213', '广东美的有限公司', '', '', '', 1, 0),
(87, 87, '21415888', '高压电泳仪', 'DYY-12', '10200', '在用', '中心共享平台', '东附楼214', '北京六一', '', '', '', 1, 0),
(88, 88, '21105806', 'PCR仪', 'MyCycler', '38760', '在用', '中心共享平台', '东附楼214', 'Bio-Rad', '温度升不上来，报废', '', '', 1, 0),
(89, 89, '21204987', 'PCR仪', 'Mycycler', '30232.75', '在用', '中心共享平台', '东附楼214', 'BIO-RAD', '', '', '', 1, 0),
(90, 90, '21204985', '梯度PCR仪', 'Mycycler Gradient', '32752', '在用', '中心共享平台', '东附楼214', 'BIO-RAD', '移至214', '', '', 1, 0),
(91, 91, '21204982', '离心机', 'MIKRO 120R', '11271', '在用', '中心共享平台', '东附楼214', '德国Hettich', '微型，被人拿走，未找到', '', '', 1, 0),
(92, 92, '21204981', '离心机', 'MIKRO 120R', '11271', '在用', '中心共享平台', '东附楼214', '德国Hettich', '微型，被人拿走，未找到', '', '', 1, 0),
(93, 93, '21106129', '冷冻离心机', 'Z-326K', '55760', '在用', '中心共享平台', '东附楼214', 'HCLNMER', '在维修中', '', '', 1, 0),
(94, 94, '21105809', '冷冻离心机', 'CT15RE', '34000', '在用', '中心共享平台', '东附楼214', '日本日立', '', '', '', 1, 0),
(95, 95, '21104462', '空调', 'KFR-72LW', '4350', '在用', '实验教学平台', '东附楼214', '广东美的有限公司', '', '', '', 1, 0),
(96, 96, '21104461', '空调', 'KFR-72LW', '4350', '在用', '实验教学平台', '东附楼214', '广东美的有限公司', '漏水，已经反复维修多次了', '', '', 1, 0),
(97, 97, '21007055', '分析天平', 'AR2140', '8500', '在用', '中心共享平台', '东附楼214', '瑞士梅特勒公司', '', '', '', 1, 0),
(98, 98, '21007056', '分析天平', 'AR2140', '8500', '在用', '中心共享平台', '东附楼203', '瑞士梅特勒公司', '214在用', '', '', 1, 0),
(99, 99, '21415903', '电子天平', 'AR1502CN', '4000', '在用', '中心共享平台', '东附楼214', '美国奥豪斯', '转到214', '', '', 1, 0),
(100, 100, '21007050', '超净工作台', 'DL-CJ-2ND', '9300', '在用', '中心共享平台', '东附楼214', '哈尔滨市东联电子技术发展有限公司', '在维修中', '', '', 1, 0),
(101, 101, '20063647', '净化工作台', 'SW-CJ-IFD', '5500', '在用', '实验教学平台', '东附楼214', '苏州安泰', '', '', '', 1, 0),
(102, 102, '21300452', '冰箱', 'BCD254', '2855', '在用', '中心共享平台', '东附楼214', '亚门子公司（中国南京博亚）', '', '', '', 1, 0),
(103, 103, '20080788', '冰箱', 'BCD-215KAZ', '2649', '在用', '中心共享平台', '东附楼214', '青岛海尔股份有限公司', '', '', '', 1, 0),
(104, 104, '21420072', '电泳槽', 'COMPSYS', '7900', '在用', '中心共享平台', '主楼（同位素352室', '美国伯乐', '同位素室同位素室', '', '', 1, 0),
(105, 105, '21420073', '电泳槽', 'COMPSYS', '7900', '在用', '中心共享平台', '主楼（同位素室352室', '美国伯乐', '同位素室同位素室', '', '', 1, 0),
(106, 106, '20070352', '冰箱', '*', '1498', '在用', '中心共享平台', '主楼三楼同位素室348', '小天鹅', '', '', '', 1, 0),
(107, 107, '20080604', '空调', '大1.5P', '2000', '在用', '中心共享平台', '主楼三楼同位素室352', '广东珠海格力电器公司', '', '', '', 1, 0),
(108, 108, '20070127', '台式离心机', 'TG16W', '2500', '在用', '中心共享平台', '主楼三楼同位素室354', '湖南平凡仪器厂', '', '', '', 1, 0),
(109, 109, '20062174', '稳压电源', 'ZKVA/TNE', '1400', '在用', '中心共享平台', '主楼三楼同位素室354', '北京中力', '', '', '', 1, 0),
(110, 110, '20062171', '便携式B r检测仪', 'JB4040', '9800', '在用', '中心共享平台', '主楼三楼同位素室354', '上海精博工贸公司', '', '', '', 1, 0),
(111, 111, '20061376', '磷屏成像系统', 'BAS-1800II', '370142.3', '在用', '中心共享平台', '主楼三楼同位素室354', '日本富士公司', '', '', '', 1, 0),
(112, 112, '20112657', '杂交箱', 'ROBBINS -200', '19068', '在用', '中心共享平台', '主楼三楼同位素室354', 'sunnyuale ca 94089 U', '', '', '', 1, 0),
(113, 113, '20080603', '空调', '大1.5P', '2000', '在用', '中心共享平台', '主楼三楼同位素室369', '广东珠海格力电器公司', '', '', '', 1, 0),
(114, 1, '111111', '学生', '3763 ', 'wtwrt', 'wtwty5w4', '2016-11-09 22:40:45', 'w5yw4y', 'wyw5yw', 'wy5wyw5yh', '1478702445.jpg', './Equipment/2016-11-09/1478702445.jpg', 1, 0);

-- --------------------------------------------------------

--
-- 表的结构 `tp_equipmentfile`
--

CREATE TABLE IF NOT EXISTS `tp_equipmentfile` (
  `id` int(11) NOT NULL AUTO_INCREMENT,
  `address` varchar(32) NOT NULL,
  PRIMARY KEY (`id`)
) ENGINE=MyISAM DEFAULT CHARSET=utf8 AUTO_INCREMENT=1 ;

-- --------------------------------------------------------

--
-- 表的结构 `tp_equipmentmanage`
--

CREATE TABLE IF NOT EXISTS `tp_equipmentmanage` (
  `id` int(11) NOT NULL AUTO_INCREMENT,
  `equipmentid` int(11) NOT NULL,
  `title` varchar(32) DEFAULT NULL,
  `content` longtext,
  PRIMARY KEY (`id`)
) ENGINE=MyISAM  DEFAULT CHARSET=utf8 AUTO_INCREMENT=61 ;

--
-- 转存表中的数据 `tp_equipmentmanage`
--

INSERT INTO `tp_equipmentmanage` (`id`, `equipmentid`, `title`, `content`) VALUES
(60, 1, '顺序', '&lt;p&gt;&lt;em&gt;这是第一条特点&lt;/em&gt;&lt;/p&gt;'),
(59, 36, '习近平就气候变化《巴黎协定》正式生效致信联合国秘书长潘基文', '&lt;p style=&quot;margin-top: 15px; margin-bottom: 15px; padding: 0px; line-height: 2em; font-family: &amp;quot;Microsoft YaHei&amp;quot;, u5FAEu8F6Fu96C5u9ED1, Arial, SimSun, u5B8Bu4F53; white-space: normal;&quot;&gt;原标题：习近平就气候变化《巴黎协定》正式生效致信联合国秘书长潘基文&lt;/p&gt;&lt;p style=&quot;margin-top: 15px; margin-bottom: 15px; padding: 0px; line-height: 2em; font-family: &amp;quot;Microsoft YaHei&amp;quot;, u5FAEu8F6Fu96C5u9ED1, Arial, SimSun, u5B8Bu4F53; white-space: normal;&quot;&gt;　　新华社北京11月4日电 11月4日，国家主席习近平致信联合国秘书长潘基文，对气候变化《巴黎协定》正式生效表示祝贺。&lt;/p&gt;&lt;p style=&quot;margin-top: 15px; margin-bottom: 15px; padding: 0px; line-height: 2em; font-family: &amp;quot;Microsoft YaHei&amp;quot;, u5FAEu8F6Fu96C5u9ED1, Arial, SimSun, u5B8Bu4F53; white-space: normal;&quot;&gt;　　习近平指出，在各方共同努力下，《巴黎协定》于11月4日正式生效，成为历史上批约生效最快的国际条约之一。中方对此表示衷心的祝贺。&lt;/p&gt;&lt;p style=&quot;margin-top: 15px; margin-bottom: 15px; padding: 0px; line-height: 2em; font-family: &amp;quot;Microsoft YaHei&amp;quot;, u5FAEu8F6Fu96C5u9ED1, Arial, SimSun, u5B8Bu4F53; white-space: normal;&quot;&gt;　　习近平强调，自2015年12月《巴黎协定》达成以来，国际社会致力于推动协定尽快生效。中国于今年4月22日《巴黎协定》开放签署首日签署协定，并于9月3日批准协定。作为主席国，中国推动二十国集团首次发表关于气候变化问题的主席声明，为推动签署《巴黎协定》提供政治支持。&lt;/p&gt;&lt;p style=&quot;margin-top: 15px; margin-bottom: 15px; padding: 0px; line-height: 2em; font-family: &amp;quot;Microsoft YaHei&amp;quot;, u5FAEu8F6Fu96C5u9ED1, Arial, SimSun, u5B8Bu4F53; white-space: normal;&quot;&gt;　　习近平强调，《巴黎协定》开启了全球合作应对气候变化新阶段。中国坚持创新、协调、绿色、开放、共享的发展理念，将大力推进绿色低碳循环发展，采取有力行动应对气候变化。中方对下阶段全球气候治理进程充满信心，愿同各方加强沟通合作，为构建合作共赢、公正合理的全球气候治理机制作出贡献。&lt;/p&gt;&lt;p&gt;&lt;br/&gt;&lt;/p&gt;');

-- --------------------------------------------------------

--
-- 表的结构 `tp_equipmenttype`
--

CREATE TABLE IF NOT EXISTS `tp_equipmenttype` (
  `id` int(11) NOT NULL AUTO_INCREMENT,
  `name` varchar(32) NOT NULL,
  `count` int(11) NOT NULL DEFAULT '0',
  PRIMARY KEY (`id`)
) ENGINE=MyISAM DEFAULT CHARSET=utf8 AUTO_INCREMENT=1 ;

-- --------------------------------------------------------

--
-- 表的结构 `tp_file`
--

CREATE TABLE IF NOT EXISTS `tp_file` (
  `id` int(11) NOT NULL AUTO_INCREMENT,
  `userid` int(11) NOT NULL,
  `address` varchar(100) NOT NULL,
  `date` varchar(99) NOT NULL,
  `filename` varchar(32) NOT NULL,
  `realname` varchar(100) NOT NULL,
  PRIMARY KEY (`id`)
) ENGINE=MyISAM  DEFAULT CHARSET=utf8 AUTO_INCREMENT=51 ;

--
-- 转存表中的数据 `tp_file`
--

INSERT INTO `tp_file` (`id`, `userid`, `address`, `date`, `filename`, `realname`) VALUES
(40, 6, './File/2016-10-28/1477662476.doc', '2016-10-28 21:47:56', '1477662476.doc', '2014302200421蒋雅玲.doc'),
(26, 1, './File/2016-10-15/1476497305.jpg', '2016-10-15 10:08:25', '1476497305.jpg', '-1269ea6b7be2a97e(1).jpg'),
(27, 1, './File/2016-10-15/1476497311.jpeg', '2016-10-15 10:08:31', '1476497311.jpeg', '20141201131216_5FCTh.jpeg'),
(29, 1, './File/2016-10-15/1476497404.jpg', '2016-10-15 10:10:04', '1476497404.jpg', 'c8fbe05dc7e1aa294ba6cc8f856f5d0d.jpg'),
(30, 1, './File/2016-10-15/1476497411.PNG', '2016-10-15 10:10:11', '1476497411.PNG', '捕获5.PNG'),
(34, 1, './File/2016-10-17/1476719208.pcm', '2016-10-17 23:46:48', '1476719208.pcm', 'code_short.pcm'),
(32, 1, './File/2016-10-15/1476497425.PNG', '2016-10-15 10:10:25', '1476497425.PNG', '捕获1.PNG'),
(33, 1, './File/2016-10-15/1476497433.PNG', '2016-10-15 10:10:33', '1476497433.PNG', '捕获3.PNG'),
(35, 1, './File/2016-10-17/1476719257.jpg', '2016-10-17 23:47:37', '1476719257.jpg', 'QQ图片20160828221420.jpg'),
(38, 1, './File/2016-10-18/1476804077.jpg', '2016-10-18 23:21:17', '1476804077.jpg', '14599644_980x1200_0.jpg'),
(39, 1, './File/2016-10-18/1476805132.jpg', '2016-10-18 23:38:52', '1476805132.jpg', 'WIN_20160211_12_30_56_Pro.jpg');

-- --------------------------------------------------------

--
-- 表的结构 `tp_information`
--

CREATE TABLE IF NOT EXISTS `tp_information` (
  `id` int(11) NOT NULL AUTO_INCREMENT,
  `userid` int(11) NOT NULL,
  `date` varchar(99) NOT NULL,
  `content` longtext NOT NULL,
  `title` varchar(32) NOT NULL,
  PRIMARY KEY (`id`)
) ENGINE=MyISAM  DEFAULT CHARSET=utf8 AUTO_INCREMENT=54 ;

--
-- 转存表中的数据 `tp_information`
--

INSERT INTO `tp_information` (`id`, `userid`, `date`, `content`, `title`) VALUES
(53, 6, '2016-11-10', '&lt;p style=&quot;text-align: center;&quot;&gt;&lt;em&gt;&lt;strong&gt;植科院副楼&lt;/strong&gt;&lt;/em&gt;&lt;/p&gt;', '123');

-- --------------------------------------------------------

--
-- 表的结构 `tp_message`
--

CREATE TABLE IF NOT EXISTS `tp_message` (
  `id` int(11) NOT NULL AUTO_INCREMENT,
  `userid` int(32) NOT NULL,
  `content` text NOT NULL,
  `date` varchar(32) NOT NULL,
  `title` varchar(32) NOT NULL,
  PRIMARY KEY (`id`)
) ENGINE=MyISAM  DEFAULT CHARSET=utf8 AUTO_INCREMENT=51 ;

--
-- 转存表中的数据 `tp_message`
--

INSERT INTO `tp_message` (`id`, `userid`, `content`, `date`, `title`) VALUES
(1, 6, '我是中国湖北武汉华中农业大学信息学院计算机科学与技术1502班的学生朱传波', '2015-10-09', '个人简介'),
(3, 7, '现在是北京时间09:23，我在四教C208', '2016-10-14 09:25:49', '时间'),
(5, 9, '昨天计科1502班召开了主题班会', '2016-10-14 09:32:16', '主题班会'),
(6, 6, '今天是几月几号', '2016-10-14 09:37:31', '华中农业大学'),
(7, 7, '作者：沸点工作室', '2016-10-14 09:37:57', '荟十530'),
(8, 8, '沸点工作室', '2016-10-14 09:38:12', '作者'),
(9, 8, 'HUAZHONG AGRICULTURE UNIVERSITY', '2015-10-14', 'HZAU'),
(10, 1, '我是山东省临沂市莒南县文疃镇石城村人', '1476510541', '朱传波'),
(11, 1, 'hahaha', '1476514879', 'jintina'),
(12, 1, '', '1476515056', '123'),
(13, 1, '123456', '1476527065', '0.0324'),
(38, 6, '哈哈哈', '2016-10-18 21-47-57', '回家了'),
(15, 11, '今天是2015年10月17日下午16:19分', '1476692372', '四教'),
(16, 11, '朱传波', '1476692474', '程天赐'),
(17, 11, '他是程天赐', '2016-10-17 16:23:36', '我是朱传波'),
(39, 6, '习近平指出，天宫二号和神舟十一号载人飞行任务，将首次实现我国航天员中期在轨驻留，开展一批体现国际科学前沿和高新技术发展方向的空间科学与应用任务，标志着我国载人航天工程取得了新的重大进展。\r\n\r\n习近平强调，太空探索永无止境，航天攻关任重道远。希望同志们大力弘扬载人航天精神，精心做好后续各项工作，确保实现既定任务目标，不断开创载人航天事业发展新局面，使中国人探索太空的脚步迈得更大更远，为建设航天强国作出新的贡献。', '2016-10-18 21-49-11', '习近平致电表示热烈祝贺神舟十一号载人飞船发射成功'),
(44, 11, '我的内心无比的纯洁，毫无波澜，甚至还有一点小激动', '2016-10-21 15:03:43', '我是计科1502班的黄海明');

-- --------------------------------------------------------

--
-- 表的结构 `tp_regulation`
--

CREATE TABLE IF NOT EXISTS `tp_regulation` (
  `id` int(32) NOT NULL AUTO_INCREMENT,
  `userid` int(32) NOT NULL,
  `address` varchar(100) NOT NULL,
  `date` varchar(32) NOT NULL,
  `name` varchar(32) NOT NULL,
  `realname` varchar(32) NOT NULL,
  PRIMARY KEY (`id`)
) ENGINE=MyISAM  DEFAULT CHARSET=utf8 AUTO_INCREMENT=7 ;

--
-- 转存表中的数据 `tp_regulation`
--

INSERT INTO `tp_regulation` (`id`, `userid`, `address`, `date`, `name`, `realname`) VALUES
(4, 6, './Regulation/2016-10-26/1477469223.jpg', '2016-10-26 16:07:03', '', '-1269ea6b7be2a97e(1).jpg');

-- --------------------------------------------------------

--
-- 表的结构 `tp_sensitive`
--

CREATE TABLE IF NOT EXISTS `tp_sensitive` (
  `content` varchar(32) NOT NULL
) ENGINE=MyISAM DEFAULT CHARSET=utf8;

--
-- 转存表中的数据 `tp_sensitive`
--

INSERT INTO `tp_sensitive` (`content`) VALUES
('阿扁推翻'),
('阿宾'),
('阿賓'),
('挨了一炮'),
('爱液横流'),
('安街逆'),
('安局办公楼'),
('安局豪华'),
('安门事'),
('安眠藥'),
('案的准确'),
('八九民'),
('八九学'),
('八九政治'),
('把病人整'),
('把邓小平'),
('把学生整'),
('罢工门'),
('白黄牙签'),
('败培训'),
('办本科'),
('办理本科'),
('办理各种'),
('办理票据'),
('办理文凭'),
('办理真实'),
('办理证书'),
('办理资格'),
('办文凭'),
('办怔'),
('办证'),
('半刺刀'),
('辦毕业'),
('辦證'),
('谤罪获刑'),
('磅解码器'),
('磅遥控器'),
('宝在甘肃修'),
('保过答案'),
('报复执法'),
('爆发骚'),
('北省委门'),
('被打死'),
('被指抄袭'),
('被中共'),
('本公司担'),
('本无码'),
('毕业證'),
('变牌绝'),
('辩词与梦'),
('冰毒'),
('冰火毒'),
('冰火佳'),
('冰火九重'),
('冰火漫'),
('冰淫传'),
('冰在火上'),
('波推龙'),
('博彩娱'),
('博会暂停'),
('博园区伪'),
('不查都'),
('不查全'),
('不思四化'),
('布卖淫女'),
('部忙组阁'),
('部是这样'),
('才知道只生'),
('财众科技'),
('采花堂'),
('踩踏事'),
('苍山兰'),
('苍蝇水'),
('藏春阁'),
('藏獨'),
('操了嫂'),
('操嫂子'),
('策没有不'),
('插屁屁'),
('察象蚂'),
('拆迁灭'),
('车牌隐'),
('成人电'),
('成人卡通'),
('成人聊'),
('成人片'),
('成人视'),
('成人图'),
('成人文'),
('成人小'),
('城管灭'),
('惩公安'),
('惩贪难'),
('充气娃'),
('冲凉死'),
('抽着大中'),
('抽着芙蓉'),
('出成绩付'),
('出售发票'),
('出售军'),
('穿透仪器'),
('春水横溢'),
('纯度白'),
('纯度黄'),
('次通过考'),
('催眠水'),
('催情粉'),
('催情药'),
('催情藥'),
('挫仑'),
('达毕业证'),
('答案包'),
('答案提供'),
('打标语'),
('打错门'),
('打飞机专'),
('打死经过'),
('打死人'),
('打砸办公'),
('大鸡巴'),
('大雞巴'),
('大纪元'),
('大揭露'),
('大奶子'),
('大批贪官'),
('大肉棒'),
('大嘴歌'),
('代办发票'),
('代办各'),
('代办文'),
('代办学'),
('代办制'),
('代辦'),
('代表烦'),
('代開'),
('代考'),
('代理发票'),
('代理票据'),
('代您考'),
('代您考'),
('代写毕'),
('代写论'),
('代孕'),
('贷办'),
('贷借款'),
('贷开'),
('戴海静'),
('当代七整'),
('当官要精'),
('当官在于'),
('党的官'),
('党后萎'),
('党前干劲'),
('刀架保安'),
('导的情人'),
('导叫失'),
('导人的最'),
('导人最'),
('导小商'),
('到花心'),
('得财兼'),
('的同修'),
('灯草和'),
('等级證'),
('等屁民'),
('等人老百'),
('等人是老'),
('等人手术'),
('邓爷爷转'),
('邓玉娇'),
('地产之歌'),
('地下先烈'),
('地震哥'),
('帝国之梦'),
('递纸死'),
('点数优惠'),
('电狗'),
('电话监'),
('电鸡'),
('甸果敢'),
('蝶舞按'),
('丁香社'),
('丁子霖'),
('顶花心'),
('东北独立'),
('东复活'),
('东京热'),
('東京熱'),
('洞小口紧'),
('都当警'),
('都当小姐'),
('都进中央'),
('毒蛇钻'),
('独立台湾'),
('赌球网'),
('短信截'),
('对日强硬'),
('多美康'),
('躲猫猫'),
('俄羅斯'),
('恶势力操'),
('恶势力插'),
('恩氟烷'),
('儿园惨'),
('儿园砍'),
('儿园杀'),
('儿园凶'),
('二奶大'),
('发牌绝'),
('发票出'),
('发票代'),
('发票销'),
('發票'),
('法车仑'),
('法伦功'),
('法轮'),
('法轮佛'),
('法维权'),
('法一轮'),
('法院给废'),
('法正乾'),
('反测速雷'),
('反雷达测'),
('反屏蔽'),
('范燕琼'),
('方迷香'),
('防电子眼'),
('防身药水'),
('房贷给废'),
('仿真枪'),
('仿真证'),
('诽谤罪'),
('费私服'),
('封锁消'),
('佛同修'),
('夫妻交换'),
('福尔马林'),
('福娃的預'),
('福娃頭上'),
('福香巴'),
('府包庇'),
('府集中领'),
('妇销魂'),
('附送枪'),
('复印件生'),
('复印件制'),
('富民穷'),
('富婆给废'),
('改号软件'),
('感扑克'),
('冈本真'),
('肛交'),
('肛门是邻'),
('岡本真'),
('钢针狗'),
('钢珠枪'),
('港澳博球'),
('港馬會'),
('港鑫華'),
('高就在政'),
('高考黑'),
('高莺莺'),
('搞媛交'),
('告长期'),
('告洋状'),
('格证考试'),
('各类考试'),
('各类文凭'),
('跟踪器'),
('工程吞得'),
('工力人'),
('公安错打'),
('公安网监'),
('公开小姐'),
('攻官小姐'),
('共狗'),
('共王储'),
('狗粮'),
('狗屁专家'),
('鼓动一些'),
('乖乖粉'),
('官商勾'),
('官也不容'),
('官因发帖'),
('光学真题'),
('跪真相'),
('滚圆大乳'),
('国际投注'),
('国家妓'),
('国家软弱'),
('国家吞得'),
('国库折'),
('国一九五七'),
('國內美'),
('哈药直销'),
('海访民'),
('豪圈钱'),
('号屏蔽器'),
('和狗交'),
('和狗性'),
('和狗做'),
('黑火药的'),
('红色恐怖'),
('红外透视'),
('紅色恐'),
('胡江内斗'),
('胡紧套'),
('胡錦濤'),
('胡适眼'),
('胡耀邦'),
('湖淫娘'),
('虎头猎'),
('华国锋'),
('华门开'),
('化学扫盲'),
('划老公'),
('还会吹萧'),
('还看锦涛'),
('环球证件'),
('换妻'),
('皇冠投注'),
('黄冰'),
('浑圆豪乳'),
('活不起'),
('火车也疯'),
('机定位器'),
('机号定'),
('机号卫'),
('机卡密'),
('机屏蔽器'),
('基本靠吼'),
('绩过后付'),
('激情电'),
('激情短'),
('激情妹'),
('激情炮'),
('级办理'),
('级答案'),
('急需嫖'),
('集体打砸'),
('集体腐'),
('挤乳汁'),
('擠乳汁'),
('佳静安定'),
('家一样饱'),
('家属被打'),
('甲虫跳'),
('甲流了'),
('奸成瘾'),
('兼职上门'),
('监听器'),
('监听王'),
('简易炸'),
('江胡内斗'),
('江太上'),
('江系人'),
('江贼民'),
('疆獨'),
('蒋彦永'),
('叫自慰'),
('揭贪难'),
('姐包夜'),
('姐服务'),
('姐兼职'),
('姐上门'),
('金扎金'),
('金钟气'),
('津大地震'),
('津地震'),
('进来的罪'),
('京地震'),
('京要地震'),
('经典谎言'),
('精子射在'),
('警察被'),
('警察的幌'),
('警察殴打'),
('警察说保'),
('警车雷达'),
('警方包庇'),
('警用品'),
('径步枪'),
('敬请忍'),
('究生答案'),
('九龙论坛'),
('九评共'),
('酒象喝汤'),
('酒像喝汤'),
('就爱插'),
('就要色'),
('举国体'),
('巨乳'),
('据说全民'),
('绝食声'),
('军长发威'),
('军刺'),
('军品特'),
('军用手'),
('开邓选'),
('开锁工具'),
('開碼'),
('開票'),
('砍杀幼'),
('砍伤儿'),
('康没有不'),
('康跳楼'),
('考答案'),
('考后付款'),
('考机构'),
('考考邓'),
('考联盟'),
('考前答'),
('考前答案'),
('考前付'),
('考设备'),
('考试包过'),
('考试保'),
('考试答案'),
('考试机构'),
('考试联盟'),
('考试枪'),
('考研考中'),
('考中答案'),
('磕彰'),
('克分析'),
('克千术'),
('克透视'),
('空和雅典'),
('孔摄像'),
('控诉世博'),
('控制媒'),
('口手枪'),
('骷髅死'),
('快速办'),
('矿难不公'),
('拉登说'),
('拉开水晶'),
('来福猎'),
('拦截器'),
('狼全部跪'),
('浪穴'),
('老虎机'),
('雷人女官'),
('类准确答'),
('黎阳平'),
('李洪志'),
('李咏曰'),
('理各种证'),
('理是影帝'),
('理证件'),
('理做帐报'),
('力骗中央'),
('力月西'),
('丽媛离'),
('利他林'),
('连发手'),
('聯繫電'),
('炼大法'),
('两岸才子'),
('两会代'),
('两会又三'),
('聊视频'),
('聊斋艳'),
('了件渔袍'),
('猎好帮手'),
('猎枪销'),
('猎槍'),
('獵槍'),
('领土拿'),
('流血事'),
('六合彩'),
('六死'),
('六四事'),
('六月联盟'),
('龙湾事件'),
('隆手指'),
('陆封锁'),
('陆同修'),
('氯胺酮'),
('乱奸'),
('乱伦类'),
('乱伦小'),
('亂倫'),
('伦理大'),
('伦理电影'),
('伦理毛'),
('伦理片'),
('轮功'),
('轮手枪'),
('论文代'),
('罗斯小姐'),
('裸聊网'),
('裸舞视'),
('落霞缀'),
('麻古'),
('麻果配'),
('麻果丸'),
('麻将透'),
('麻醉狗'),
('麻醉枪'),
('麻醉槍'),
('麻醉藥'),
('蟆叫专家'),
('卖地财政'),
('卖发票'),
('卖银行卡'),
('卖自考'),
('漫步丝'),
('忙爱国'),
('猫眼工具'),
('毛一鲜'),
('媒体封锁'),
('每周一死'),
('美艳少妇'),
('妹按摩'),
('妹上门'),
('门按摩'),
('门保健'),
('門服務'),
('氓培训'),
('蒙汗药'),
('迷幻型'),
('迷幻药'),
('迷幻藥'),
('迷昏口'),
('迷昏药'),
('迷昏藥'),
('迷魂香'),
('迷魂药'),
('迷魂藥'),
('迷奸药'),
('迷情水'),
('迷情药'),
('迷藥'),
('谜奸药'),
('蜜穴'),
('灭绝罪'),
('民储害'),
('民九亿商'),
('民抗议'),
('明慧网'),
('铭记印尼'),
('摩小姐'),
('母乳家'),
('木齐针'),
('幕没有不'),
('幕前戲'),
('内射'),
('南充针'),
('嫩穴'),
('嫩阴'),
('泥马之歌'),
('你的西域'),
('拟涛哥'),
('娘两腿之间'),
('妞上门'),
('浓精'),
('怒的志愿'),
('女被人家搞'),
('女激情'),
('女技师'),
('女人和狗'),
('女任职名'),
('女上门'),
('女優'),
('鸥之歌'),
('拍肩神药'),
('拍肩型'),
('牌分析'),
('牌技网'),
('炮的小蜜'),
('陪考枪'),
('配有消'),
('喷尿'),
('嫖俄罗'),
('嫖鸡'),
('平惨案'),
('平叫到床'),
('仆不怕饮'),
('普通嘌'),
('期货配'),
('奇迹的黄'),
('奇淫散'),
('骑单车出'),
('气狗'),
('气枪'),
('汽狗'),
('汽枪'),
('氣槍'),
('铅弹'),
('钱三字经'),
('枪出售'),
('枪的参'),
('枪的分'),
('枪的结'),
('枪的制'),
('枪货到'),
('枪决女犯'),
('枪决现场'),
('枪模'),
('枪手队'),
('枪手网'),
('枪销售'),
('枪械制'),
('枪子弹'),
('强权政府'),
('强硬发言'),
('抢其火炬'),
('切听器'),
('窃听器'),
('禽流感了'),
('勤捞致'),
('氢弹手'),
('清除负面'),
('清純壆'),
('情聊天室'),
('情妹妹'),
('情视频'),
('情自拍'),
('氰化钾'),
('氰化钠'),
('请集会'),
('请示威'),
('请愿'),
('琼花问'),
('区的雷人'),
('娶韩国'),
('全真证'),
('群奸暴'),
('群起抗暴'),
('群体性事'),
('绕过封锁'),
('惹的国'),
('人权律'),
('人体艺'),
('人游行'),
('人在云上'),
('人真钱'),
('认牌绝'),
('任于斯国'),
('柔胸粉'),
('肉洞'),
('肉棍'),
('如厕死'),
('乳交'),
('软弱的国'),
('赛后骚'),
('三挫'),
('三级片'),
('三秒倒'),
('三网友'),
('三唑'),
('骚妇'),
('骚浪'),
('骚穴'),
('骚嘴'),
('扫了爷爷'),
('色电影'),
('色妹妹'),
('色视频'),
('色小说'),
('杀指南'),
('山涉黑'),
('煽动不明'),
('煽动群众'),
('上门激'),
('烧公安局'),
('烧瓶的'),
('韶关斗'),
('韶关玩'),
('韶关旭'),
('射网枪'),
('涉嫌抄袭'),
('深喉冰'),
('神七假'),
('神韵艺术'),
('生被砍'),
('生踩踏'),
('生肖中特'),
('圣战不息'),
('盛行在舞'),
('尸博'),
('失身水'),
('失意药'),
('狮子旗'),
('十八等'),
('十大谎'),
('十大禁'),
('十个预言'),
('十类人不'),
('十七大幕'),
('实毕业证'),
('实体娃'),
('实学历文'),
('士康事件'),
('式粉推'),
('视解密'),
('是躲猫'),
('手变牌'),
('手答案'),
('手狗'),
('手机跟'),
('手机监'),
('手机窃'),
('手机追'),
('手拉鸡'),
('手木仓'),
('手槍'),
('守所死法'),
('兽交'),
('售步枪'),
('售纯度'),
('售单管'),
('售弹簧刀'),
('售防身'),
('售狗子'),
('售虎头'),
('售火药'),
('售假币'),
('售健卫'),
('售军用'),
('售猎枪'),
('售氯胺'),
('售麻醉'),
('售冒名'),
('售枪支'),
('售热武'),
('售三棱'),
('售手枪'),
('售五四'),
('售信用'),
('售一元硬'),
('售子弹'),
('售左轮'),
('书办理'),
('熟妇'),
('术牌具'),
('双管立'),
('双管平'),
('水阎王'),
('丝护士'),
('丝情侣'),
('丝袜保'),
('丝袜恋'),
('丝袜美'),
('丝袜妹'),
('丝袜网'),
('丝足按'),
('司长期有'),
('司法黑'),
('私房写真'),
('死法分布'),
('死要见毛'),
('四博会'),
('四大扯个'),
('四小码'),
('苏家屯集'),
('诉讼集团'),
('素女心'),
('速代办'),
('速取证'),
('酸羟亚胺'),
('蹋纳税'),
('太王四神'),
('泰兴幼'),
('泰兴镇中'),
('泰州幼'),
('贪官也辛'),
('探测狗'),
('涛共产'),
('涛一样胡'),
('特工资'),
('特码'),
('特上门'),
('体透视镜'),
('替考'),
('替人体'),
('天朝特'),
('天鹅之旅'),
('天推广歌'),
('田罢工'),
('田田桑'),
('田停工'),
('庭保养'),
('庭审直播'),
('通钢总经'),
('偷電器'),
('偷肃贪'),
('偷听器'),
('偷偷贪'),
('头双管'),
('透视功能'),
('透视镜'),
('透视扑'),
('透视器'),
('透视眼镜'),
('透视药'),
('透视仪'),
('秃鹰汽'),
('突破封锁'),
('突破网路'),
('推油按'),
('脱衣艳'),
('瓦斯手'),
('袜按摩'),
('外透视镜'),
('外围赌球'),
('湾版假'),
('万能钥匙'),
('万人骚动'),
('王立军'),
('王益案'),
('网民案'),
('网民获刑'),
('网民诬'),
('微型摄像'),
('围攻警'),
('围攻上海'),
('维汉员'),
('维权基'),
('维权人'),
('维权谈'),
('委坐船'),
('谓的和谐'),
('温家堡'),
('温切斯特'),
('温影帝'),
('溫家寶'),
('瘟加饱'),
('瘟假饱'),
('文凭证'),
('文强'),
('纹了毛'),
('闻被控制'),
('闻封锁'),
('瓮安'),
('我的西域'),
('我搞台独'),
('乌蝇水'),
('无耻语录'),
('无码专'),
('五套功'),
('五月天'),
('午夜电'),
('午夜极'),
('武警暴'),
('武警殴'),
('武警已增'),
('务员答案'),
('务员考试'),
('雾型迷'),
('西藏限'),
('西服进去'),
('希脏'),
('习进平'),
('习晋平'),
('席复活'),
('席临终前'),
('席指着护'),
('洗澡死'),
('喜贪赃'),
('先烈纷纷'),
('现大地震'),
('现金投注'),
('线透视镜'),
('限制言'),
('陷害案'),
('陷害罪'),
('相自首'),
('香港论坛'),
('香港马会'),
('香港一类'),
('香港总彩'),
('硝化甘'),
('小穴'),
('校骚乱'),
('协晃悠'),
('写两会'),
('泄漏的内'),
('新建户'),
('新疆叛'),
('新疆限'),
('新金瓶'),
('新唐人'),
('信访专班'),
('信接收器'),
('兴中心幼'),
('星上门'),
('行长王益'),
('形透视镜'),
('型手枪'),
('姓忽悠'),
('幸运码'),
('性爱日'),
('性福情'),
('性感少'),
('性推广歌'),
('胸主席'),
('徐玉元'),
('学骚乱'),
('学位證'),
('學生妹'),
('丫与王益'),
('烟感器'),
('严晓玲'),
('言被劳教'),
('言论罪'),
('盐酸曲'),
('颜射'),
('恙虫病'),
('姚明进去'),
('要人权'),
('要射精了'),
('要射了'),
('要泄了'),
('夜激情'),
('液体炸'),
('一小撮别'),
('遗情书'),
('蚁力神'),
('益关注组'),
('益受贿'),
('阴间来电'),
('陰唇'),
('陰道'),
('陰戶'),
('淫魔舞'),
('淫情女'),
('淫肉'),
('淫騷妹'),
('淫兽'),
('淫兽学'),
('淫水'),
('淫穴'),
('隐形耳'),
('隐形喷剂'),
('应子弹'),
('婴儿命'),
('咏妓'),
('用手枪'),
('幽谷三'),
('游精佑'),
('有奶不一'),
('右转是政'),
('幼齿类'),
('娱乐透视'),
('愚民同'),
('愚民政'),
('与狗性'),
('玉蒲团'),
('育部女官'),
('冤民大'),
('鸳鸯洗'),
('园惨案'),
('园发生砍'),
('园砍杀'),
('园凶杀'),
('园血案'),
('原一九五七'),
('原装弹'),
('袁腾飞'),
('晕倒型'),
('韵徐娘'),
('遭便衣'),
('遭到警'),
('遭警察'),
('遭武警'),
('择油录'),
('曾道人'),
('炸弹教'),
('炸弹遥控'),
('炸广州'),
('炸立交'),
('炸药的制'),
('炸药配'),
('炸药制'),
('张春桥'),
('找枪手'),
('找援交'),
('找政法委副'),
('赵紫阳'),
('针刺案'),
('针刺伤'),
('针刺事'),
('针刺死'),
('侦探设备'),
('真钱斗地'),
('真钱投注'),
('真善忍'),
('真实文凭'),
('真实资格'),
('震惊一个民'),
('震其国土'),
('证到付款'),
('证件办'),
('证件集团'),
('证生成器'),
('证书办'),
('证一次性'),
('政府操'),
('政论区'),
('證件'),
('植物冰'),
('殖器护'),
('指纹考勤'),
('指纹膜'),
('指纹套'),
('至国家高'),
('志不愿跟'),
('制服诱'),
('制手枪'),
('制证定金'),
('制作证件'),
('中的班禅'),
('中共黑'),
('中国不强'),
('种公务员'),
('种学历证'),
('众像羔'),
('州惨案'),
('州大批贪'),
('州三箭'),
('宙最高法'),
('昼将近'),
('主席忏'),
('住英国房'),
('助考'),
('助考网'),
('专业办理'),
('专业代'),
('专业代写'),
('专业助'),
('转是政府'),
('赚钱资料'),
('装弹甲'),
('装枪套'),
('装消音'),
('着护士的胸'),
('着涛哥'),
('姿不对死'),
('资格證'),
('资料泄'),
('梓健特药'),
('字牌汽'),
('自己找枪'),
('自慰用'),
('自由圣'),
('自由亚'),
('总会美女'),
('足球玩法'),
('最牛公安'),
('醉钢枪'),
('醉迷药'),
('醉乙醚'),
('尊爵粉'),
('左转是政'),
('作弊器'),
('作各种证'),
('作硝化甘'),
('唑仑'),
('做爱小'),
('做原子弹'),
('做证件'),
('生孩子没屁眼'),
('傻逼'),
('日你妈'),
('妈了个逼'),
('妈B '),
('贱人  '),
('贱货 '),
('狗日的'),
('狗娘养的  '),
('粪青 '),
('操你妈'),
('特码 '),
('士的宁 '),
('士的年 '),
('六合采 '),
('乐透码 '),
('皇家轮盘 '),
('俄罗斯轮盘 '),
('赌具 '),
('彩票预测 '),
('彩票选号机 '),
('彩票 '),
('包青天机 '),
('百乐二呓 '),
('百家乐'),
('阿凡提机 '),
('6合彩'),
('六合彩'),
('报码'),
('合彩'),
('香港彩'),
('彩宝'),
('3D轮盘'),
('liuhecai'),
('一码'),
('6合'),
('六合 '),
('六HE彩 '),
('有码'),
('无码'),
('买断'),
('罢市'),
('股民'),
('博彩'),
('出千'),
('大庄'),
('赌恒指'),
('赌球'),
('盘口'),
('赔率'),
('祖母绿 '),
('重亚硒酸钠 '),
('粘氯酸 '),
('原砷酸 '),
('原藜芦碱A '),
('永伏虫 '),
('蝇毒 '),
('罂粟籽 '),
('罂粟壳 '),
('银氰化钾 '),
('因毒硫磷 '),
('因毒磷 '),
('异氰酸甲酯 '),
('异氰酸苯酯 '),
('异硫氰酸烯丙酯 '),
('乙酰亚砷酸铜 '),
('乙酰替硫脲 '),
('乙烯甲醇'),
('乙酸亚铊 '),
('乙酸铊 '),
('乙酸三乙基锡 '),
('乙酸三甲基锡 '),
('乙酸甲氧基乙基汞 '),
('乙酸汞 '),
('乙硼烷 '),
('乙醇腈 '),
('乙撑亚胺 '),
('乙撑氯醇 '),
('伊皮恩 '),
('一氧化汞 '),
('一氧化二氟 '),
('一氯乙醛 '),
('一氯丙酮 '),
('氧氯化磷 '),
('氧化亚铊 '),
('氧化铊 '),
('氧化汞 '),
('氧化二丁基锡 '),
('烟碱 '),
('亚硝酰乙氧'),
('亚硝酸乙酯 '),
('亚硒酸氢钠 '),
('亚硒酸钠 '),
('亚硒酸镁 '),
('亚硒酸二钠 '),
('亚硒酸 '),
('亚砷酸钠 '),
('亚砷酸钾 '),
('亚砷（酸）酐 '),
('冰毒'),
('氯胺酮'),
('活摘器官'),
('卖血 '),
('出售肾 '),
('出售器官 '),
('眼角膜'),
('求肾 '),
('换肾 '),
('有偿肾'),
('活体取肾'),
('海洛因 '),
('买肾 '),
('卖肾 '),
('肾源'),
('萨斯病'),
('器官贩卖'),
('婴儿汤'),
('代孕'),
('帮人怀孕'),
('胎盘'),
('香港生子'),
('赴港生子'),
('阴蒂 '),
('阴道 '),
('阴唇 '),
('性交 '),
('泡友 '),
('富姐 '),
('富婆 '),
('阴户 '),
('性伴侣 '),
('偷拍'),
('包养'),
('寂寞少妇'),
('乳房'),
('自动群发'),
('证件公司'),
('网站推广软件 '),
('网络推广扩散器 '),
('私家侦探服务 '),
('生意宝 '),
('商务快车 '),
('商务短信 '),
('群发软件 '),
('群发广告机 '),
('解密软件 '),
('慧聪 '),
('供应发票 '),
('发贴机 '),
('发贴工具 '),
('发票代开 '),
('短信群发 '),
('短信猫'),
('顶贴机 '),
('点金商务 '),
('代开发票'),
('电鸡'),
('仿真手枪'),
('证件'),
('做炸弹'),
('买枪 '),
('卖枪'),
('电警棒'),
('枪支'),
('身份证生成器'),
('作弊器 '),
('治疗肿瘤 '),
('治疗乙肝 '),
('治疗性病 '),
('治疗红斑狼疮 '),
('针孔摄像机 '),
('债务公司 '),
('游戏机破解 '),
('隐形摄像机'),
('隐形耳机 '),
('隐蔽式摄像机 '),
('银行卡复制设备 '),
('一卡多号'),
('遥控信号拦截器 '),
('信用卡套现 '),
('消防枪 '),
('消防灭火枪  '),
('土炮 '),
('手机窃听器 '),
('手机魔卡 '),
('手机卡复制器'),
('手机监听器 '),
('手机跟踪定位器 '),
('容弹量 '),
('窃听器 '),
('枪模 '),
('铅弹 '),
('汽枪 '),
('汽狗'),
('汽车走表器 '),
('气枪 '),
('气狗  '),
('警徽 '),
('假证件 '),
('假文凭 '),
('假发票 '),
('假币出售'),
('加油机干扰器 '),
('记号扑克 '),
('激光汽 '),
('激光气 '),
('红床 '),
('狗友 '),
('跟帖器'),
('定位器'),
('干扰器 '),
('仿真枪 '),
('防身枪 '),
('反雷达测速 '),
('短信投票业务 '),
('顶帖器 '),
('电子狗导航手机 '),
('电击枪 '),
('电话追杀系统 '),
('地磅遥控器 '),
('地磅解码器 '),
('弹种 '),
('弹夹 '),
('代追债 '),
('代讨债 '),
('出售假币 '),
('车用电子狗'),
('办理证件 '),
('办理文凭 '),
('斑蝥 '),
('暗访包 '),
('SIM卡复制器 '),
('BB枪 '),
('BB弹 '),
('追债公司 '),
('消声器 '),
('霰弹 '),
('卫星广播器材 '),
('卫星高频头 '),
('卫星电视 '),
('土枪 '),
('双筒 '),
('双桶 '),
('手枪 '),
('手榴弹 '),
('人弹 '),
('麻醉弹 '),
('猎枪 '),
('雷管 '),
('弓弩  '),
('电狗 '),
('导爆索 '),
('长狗 '),
('爆炸物 '),
('爆破 '),
('左棍'),
('侦探设备 '),
('升达毕业证 '),
('手机复制'),
('摇头丸 '),
('出售假币 '),
('监听王'),
('手机监听'),
('买真枪'),
('麻醉药 '),
('麻醉枪 '),
('雷管'),
('康生丹'),
('赌博机'),
('刻章'),
('监听头'),
('婊子 '),
('换妻 '),
('成人片'),
('成人小说 '),
('激情小电影 '),
('淫靡 '),
('迷昏药 '),
('淫水 '),
('淫兽 '),
('阴毛 '),
('小穴 '),
('缩阴 '),
('少妇自拍 '),
('色情片 '),
('色情电影 '),
('三级片 '),
('三秒倒'),
('三级电影 '),
('肉棒 '),
('情杀 '),
('免费电影 '),
('裸照 '),
('奸杀 '),
('乱伦 '),
('口交 '),
('禁网禁片 '),
('激情视频 '),
('激情电影'),
('黄色电影 '),
('肛交 '),
('春宫图 '),
('SM用品'),
('性奴 '),
('菊花洞'),
('嗑药'),
('陪聊 '),
('h图 '),
('h漫'),
('开苞 '),
('找男 '),
('找女 '),
('口淫 '),
('女士服务 '),
('卖身 '),
('元一夜 '),
('男奴 '),
('女奴 '),
('电话交友 '),
('激情交友 '),
('激情电话 '),
('看JJ '),
('幼交 '),
('性伙伴'),
('有偿服务 '),
('做台 '),
('厕奴 '),
('骚女'),
('嫩逼'),
('一夜激情 '),
('母子乱伦 '),
('足交 '),
('群交 '),
('乳交 '),
('屁眼 '),
('性服务 '),
('犬交 '),
('兽交 '),
('根浴 '),
('小电影 '),
('援交 '),
('性息 '),
('裸聊 '),
('夫妻交换 '),
('菊暴 '),
('菊爆 '),
('暴菊 '),
('爆菊 '),
('小口径 '),
('性虐 '),
('性爱'),
('性奴集中营'),
('妓女的口号'),
('昏药'),
('佳静安定片 '),
('蒙汗药粉 '),
('古方迷香 '),
('强效失忆药 '),
('迷奸药 '),
('透视眼睛'),
('催情药 '),
('拍肩神 '),
('三唑仑 '),
('麻醉乙醚'),
('女伟哥 '),
('迷药 '),
('迷魂药'),
('迷昏药 '),
('迷幻药'),
('迷情粉  '),
('迷情药 '),
('蒙汗药'),
('春药 '),
('避孕膜'),
('大妓院'),
('肉棍'),
('买春 '),
('强奸'),
('强暴'),
('白小姐'),
('包办色情娱乐服务'),
('北姑'),
('波胆'),
('成人'),
('春宫'),
('鸡巴'),
('激情'),
('妓女'),
('嫩穴'),
('拍肩醉迷药'),
('嫖鸡'),
('嫖妓'),
('玉蒲团'),
('曾道人'),
('九抨'),
('无网界 '),
('9坪 '),
('9评 '),
('九凭 '),
('9ping'),
('九ping'),
('北大校园BBS '),
('惨案'),
('帮招人 '),
('社会混'),
('打手'),
('苏家屯'),
('ONS '),
('走私车'),
('西藏作家组织'),
('盘古乐队 '),
('投毒杀人 '),
('自杀指南'),
('我虽死去 '),
('我们自杀吧 '),
('吃人'),
('广安'),
('广安事件 '),
('四川广安'),
('饲养基地 '),
('涿州 '),
('集会'),
('雍战胜 '),
('校园改造工程 '),
('记签'),
('上海帮'),
('东方闪电'),
('人民币恶搞 '),
('赛克网'),
('新搪人 '),
('新唐人'),
('恶搞人民币'),
('邓颖超日记'),
('最后圆满'),
('无耻语录'),
('拉线飞机 '),
('www.cipfg.org '),
('minghui '),
('红客联盟 '),
('拜大哥 '),
('切腹 '),
('杀手 '),
('自杀'),
('段桂清 '),
('有偿捐献'),
('GCD'),
('燕玲论坛'),
('个人圆满说 '),
('蛤蟆转世 '),
('佛怀煽仇录 '),
('芳香型智悟气功 '),
('珐(工力)学 '),
('法西藏主义 '),
('法能功 '),
('法论功 '),
('法轮义 '),
('法轮功 '),
('法轮公 '),
('法轮工 '),
('法轮佛法 '),
('法轮大法 '),
('法轮'),
('法力像佛 '),
('法拉盛缅街 '),
('法拉盛 '),
('法功 '),
('发轮功陈果 '),
('发轮功 '),
('发伦工 '),
('发仑da发'),
('大圆满法 '),
('大学暴动 '),
('大法修炼者 '),
('大法弟子 '),
('打砸抢 '),
('达米宣教会 '),
('慈悲功 '),
('传九退三 '),
('赤匪 '),
('成佛做主 '),
('禅密功'),
('车仑大法 '),
('李红痔 '),
('XX功 '),
('法仑功 '),
('FL大法 '),
('zifen'),
('李大轮子 '),
('jiuping'),
('中功'),
('轮功'),
('法0功 '),
('法O功'),
('法伦 '),
('法L '),
('fa轮'),
('自fen'),
('法X功 '),
('轮子功 '),
('FL功 '),
('flg '),
('法某功 '),
('LHZ '),
('自焚 '),
('藏字石 '),
('李洪X'),
('自由门 '),
('自烧 '),
('自杀手册 '),
('转法论 '),
('转法轮 '),
('属灵教 '),
('主神教'),
('中共邪毒素'),
('Fa轮功 '),
('fanhua '),
('fangong '),
('falungong '),
('falundafa '),
('FaLun '),
('falun '),
('bjork'),
('李洪志'),
('圣战组织'),
('天葬 '),
('天音功'),
('天要亡 '),
('天要灭'),
('统一教'),
('天灭中共'),
('剩火 '),
('圣灵重建教会 '),
('圣火护卫'),
('圣殿教 '),
('生命树的分叉 '),
('沈昌人体科技 '),
('沈昌功 '),
('神州忏悔录 '),
('神的教会'),
('鞭满 '),
('关塔摩 '),
('伊斯兰'),
('真善忍'),
('元极功 '),
('渊盖苏文 '),
('宇宙主佛 '),
('宇宙毁灭 '),
('宇宙大法 '),
('一通健康法 '),
('一通功'),
('业力轮 '),
('业力回报 '),
('耶稣基督血水圣灵全备福音布道团 '),
('世界之门 '),
('世界以利亚福音宣教会 '),
('世界十大独裁者 '),
('世界基督教统一神灵协会 '),
('实际神'),
('日月气功 '),
('人宇特能功 '),
('人类罪恶论 '),
('群体灭绝'),
('全范围教会 '),
('清华帮 '),
('千禧弘法 '),
('盘古乐队 '),
('派系斗争 '),
('女神教'),
('昆仑女神功 '),
('救度众生说 '),
('京夫子 '),
('讲法传功'),
('疾病业债说 '),
('激流中国 '),
('基督灵恩布道团 '),
('积克馆'),
('红病历 '),
('哈狗帮 '),
('观音法门'),
('话在肉身显现 '),
('华藏功'),
('lihongzhi'),
('m功学'),
('VOA采访热比娅 '),
('tuidang '),
('Seven Years in Tibet '),
('Red Corner '),
('Power to the Falun Gong'),
('练功群众 '),
('李伟信的笔供'),
('普提功'),
('预测答案 '),
('考前预测 '),
('押题 '),
('代写论文 '),
('司考答案 '),
('带考 '),
('待考'),
('代考 '),
('提供答案 '),
('包过 '),
('考后付款 '),
('考题 '),
('顺利过 '),
('级答案 '),
('传送答案 '),
('替考 '),
('助考 '),
('保过 '),
('六级 '),
('考中答案 '),
('无线耳机 '),
('语音传送 '),
('考试作弊 '),
('考前密卷 '),
('四六级答案 '),
('漏题 '),
('短信答案 '),
('轻松过 '),
('盗号 '),
('盗取密码 '),
('盗取qq'),
('卖QQ号码'),
('纽扣摄像机'),
('免电灯'),
('史久武 '),
('刘亚洲 '),
('李登辉 '),
('江猪 '),
('耀邦 '),
('马英九 '),
('胡锦 '),
('邓矮子 '),
('xiaoping '),
('邓狗 '),
('曾培炎 '),
('俞正声 '),
('张德江 '),
('张立昌 '),
('吴仪 '),
('刘淇 '),
('回良玉 '),
('王兆国 '),
('王乐泉 '),
('徐才厚 '),
('王刚 '),
('贺国强 '),
('周永康 '),
('刘云山 '),
('罗干 '),
('曾庆红 '),
('贾庆林 '),
('吴邦国 '),
('张宏堡 '),
('张宏宝 '),
('李晓英 '),
('董元辰'),
('蒋公'),
('张志新'),
('王政 '),
('华闻 '),
('张文中'),
('江贼民 '),
('江贼 '),
('江宰民 '),
('江系人马 '),
('江戏子 '),
('江梳头 '),
('江氏政治委员 '),
('江氏政治局 '),
('江氏家族 '),
('江氏集团 '),
('江三条腿 '),
('江人马 '),
('江泉集团 '),
('江派人马 '),
('江派和胡派 '),
('江派 '),
('江绵恒 '),
('江驴 '),
('江家帮 '),
('江祸心 '),
('江黑心 '),
('江核心 '),
('江蛤蟆 '),
('江独裁 '),
('江毒 '),
('江嫡系 '),
('江丑闻 '),
('江z民 '),
('胡下台 '),
('胡温 '),
('胡派人马 '),
('胡派军委 '),
('胡派 '),
('胡进涛 '),
('胡紧套'),
('胡紧掏 '),
('胡江争斗 '),
('胡江曾 '),
('胡江关系 '),
('胡江风云 '),
('胡江 '),
('胡的接班人'),
('毛主席的嫡孙 '),
('毛贼 '),
('毛泽东侄子 '),
('毛泽东复活 '),
('毛时代大饥荒揭秘'),
('胡锦涛'),
('李瑞环 '),
('共产党'),
('瘟家宝 '),
('温休曾退 '),
('温下台 '),
('温加饱 '),
('魏京生'),
('wenjiabao'),
('huzhuxi'),
('无帮国'),
('无官正'),
('林彪'),
('江青'),
('江主席'),
('江泽民'),
('邓小平'),
('蒋彦永'),
('反中共黑色暴力 '),
('反共言论 '),
('反共传单 '),
('反攻大陆 '),
('反腐总攻 '),
('反对日本介入中国铁路工业 '),
('反对共产主义 '),
('反对共产党 '),
('反党'),
('共字玄机 '),
('共青团派 '),
('共青背景 '),
('共和国2049 '),
('共匪 '),
('共党 '),
('共产主义黑皮书 '),
('共产党专制 '),
('共产党的末日 '),
('共产党的报应 '),
('个邪的党'),
('对中共的姑息就是对死难者的残忍 '),
('对共产党清算 '),
('第五代接班梯队 '),
('第五代红人 '),
('递进民主 '),
('抵制北京奥运'),
('党内言事潮 '),
('党内危机 '),
('党内权争 '),
('党内权力 '),
('党禁 '),
('党棍 '),
('党风日下 '),
('西藏国家民主党 '),
('反共'),
('六代接班人 '),
('留四进三 '),
('流亡藏人 '),
('领导忽悠百姓叫号召 '),
('临震预报 '),
('拉萨僧人接连抗议 '),
('拉票贿选'),
('拉帮游说 '),
('恐共 '),
('空中民主墙 '),
('抗议中共当局 '),
('抗议磁悬浮 '),
('开天目 '),
('卡辛纳大道和三福大道交界处'),
('津人治津 '),
('解体中共 '),
('解体的命运 '),
('疆独'),
('现在的党 '),
('外蒙回归 '),
('香港独立 '),
('上海独立 '),
('北京独立 '),
('民主还专政 '),
('人权保护'),
('不办人事'),
('民族问题'),
('回汉冲突 '),
('民族冲突'),
('劣等民族 '),
('劣等人'),
('三脱 '),
('三退 '),
('三三九乘元功 '),
('三股势力 '),
('三二二攻台作战计划 '),
('三二二攻台作战 '),
('三班仆人派'),
('影子政府'),
('38集团军 '),
('吾爾開希 '),
('64时期'),
('TAM '),
('紫阳 '),
('北京风波'),
('政治风波'),
('xuechao '),
('八九六四'),
('8964'),
('liusi '),
('89风波 '),
('4事件 '),
('6四 '),
('四事件 '),
('六4 '),
('二十四事件 '),
('历史的伤口 '),
('年的事 '),
('1989年 '),
('一九八九年 '),
('年事件 '),
('学生领袖 '),
('学潮 '),
('杀害学生 '),
('八九年 '),
('tiananmen '),
('流血事件 '),
('民主女神 '),
('89之 '),
('89事件 '),
('17年前 '),
('血染的风采 '),
('广场事件 '),
('89年 '),
('屠杀学生 '),
('暴行 '),
('何新 '),
('天安门事件 '),
('六四信息 '),
('官匪一家 '),
('警匪一家 '),
('暴力执法 '),
('示wei '),
('袁伟民 '),
('9.12事件 '),
('8.18事件 '),
('瑞安事件 '),
('武装镇压 '),
('武力镇压 '),
('暴力袭警 '),
('集体抗议'),
('警民冲突 '),
('群众冲击 '),
('复员 '),
('民主 '),
('聚集 '),
('造反 '),
('信访 '),
('军转  '),
('维权 '),
('上访 '),
('示威'),
('反社会主义 '),
('现在的公安 '),
('第二首都 '),
('中国复兴党 '),
('共贼 '),
('联盟党 '),
('同盟党 '),
('言论自由 '),
('专政 '),
('一党专政'),
('一党私利 '),
('软弱外交 '),
('政府无能 '),
('一党执政 '),
('讨厌中国 '),
('中正纪念歌 '),
('中国人权 '),
('台独 '),
('台du '),
('国统纲领 '),
('国统会 '),
('网络警察 '),
('纪念文革 '),
('共独 '),
('陆独 '),
('现在的社会'),
('中组部前部长直言'),
('中石油国家电网倒数 '),
('国办发 '),
('中办发'),
('自由西藏'),
('现在的政府 '),
('反对党 '),
('现在的共产党 '),
('铁血师 '),
('现在的警察 '),
('共产觉 '),
('灭共 '),
('社会主义灭亡 '),
('不爱党 '),
('共X党 '),
('独夫民贼 '),
('伪大 '),
('伪政府 '),
('第三次世界大战 '),
('自由亚洲 '),
('公产党'),
('夺权 '),
('网特 '),
('GONG党 '),
('CCP '),
('中共洗脑 '),
('反G '),
('死刑现场'),
('靖国 '),
('招收 '),
('雇佣'),
('围攻 '),
('参拜 '),
('文革 '),
('中特'),
('一肖'),
('重阳兵变 '),
('中央黑幕 '),
('中南海权力斗争 '),
('中南海黑幕 '),
('中南海恩仇录 '),
('中南海斗争 '),
('中南海的权力游戏 '),
('中华养生益智气 '),
('中华养生益智功 '),
('中华昆仑女神功 '),
('中国猪 '),
('中国支配下的朝鲜经济 '),
('中国政府封锁消息 '),
('中国正义党 '),
('中国舆论监督网周洪 '),
('中国网络审查 '),
('中国贪官在海外 '),
('中国实行血腥教育 '),
('中国人民党 '),
('中国没有自由 '),
('中国海外腐败兵团 '),
('中国过渡政府 '),
('中国官场情杀案 '),
('中国共和党 '),
('中国高层权力斗争 '),
('中共政治游戏 '),
('中共退党'),
('中共三大势力谁来执政 '),
('中共任用 '),
('中共权力斗争 '),
('中共恐惧 '),
('中共近期权力斗争 '),
('中共解体 '),
('中共黑帮 '),
('中共腐败 '),
('中共封网 '),
('中共封锁'),
('中共独裁'),
('中共第五代 '),
('中共第六代 '),
('中共帝国 '),
('中共的罪恶 '),
('中共的血旗 '),
('中共的腐败与残暴 '),
('中共党文化 '),
('中共裁 '),
('中共保命 '),
('中共帮凶 '),
('支那猪 '),
('支那 '),
('支持台湾独立 '),
('政治人祸的源头 '),
('政治局委员增加一倍 '),
('政治局十七'),
('兴华论谈 '),
('新中华战记'),
('新闻总署态度蛮横'),
('新疆独立 '),
('新疆暴乱 '),
('小活佛'),
('消业之说 '),
('向巴平措 '),
('香功 '),
('西藏人民大起义运动 '),
('西藏独立 '),
('无人性的政权'),
('未来的自由中国在民间 '),
('伪基百科 '),
('为党不为国 '),
('网络封锁 '),
('网管办 '),
('亡共者胡 '),
('亡党 '),
('万法归一功 '),
('退h集会 '),
('推翻专制独裁的共产党 '),
('突破网封索的软件 '),
('统治术'),
('特务机构 '),
('特别党费 '),
('太王四神记 '),
('台湾有权独立 '),
('台湾应该独立 '),
('台湾国 '),
('台湾独立 '),
('四二六社论 '),
('四川朱昱'),
('十七位老部长 '),
('十七大人事安排 '),
('十七大权力争霸战 '),
('十大独裁 '),
('十八大接班人 '),
('师涛'),
('树亲民形象不如推动政改'),
('四川大地震异象揭密 '),
('司马璐回忆录 '),
('税务总局致歉 '),
('谁为腐败晚餐买单 '),
('谁是新中国 '),
('谁是胡的接班人 '),
('鸟巢最少死'),
('内争人权 '),
('牟新生 '),
('漠视生命自私到了极点的中共政权 '),
('末世论 '),
('末世劫难 '),
('魔难论 '),
('明镜出版社 '),
('明慧网 '),
('明hui '),
('民主不能等待 '),
('民运 '),
('民殇 '),
('灭中共 '),
('迷失北京 '),
('蒙古回归 '),
('门徒会'),
('征兵计划'),
('延安日记 '),
('循环轮回论 '),
('血腥清场 '),
('血色京畿 '),
('血色京机 '),
('血溅人民天堂'),
('乌云其木格 '),
('挺胡'),
('涉台政局 '),
('沙皇李长春'),
('89学潮血腥屠杀 '),
('89学潮大屠杀 '),
('70天大事记 '),
('64大屠杀 '),
('3退'),
('322攻台作战计划 '),
('《中国民主》 '),
('《争鸣》 '),
('《动向》 '),
('台湾独立 '),
('脏独 '),
('脏毒  '),
('藏青会 '),
('自由西藏学生运动 '),
('九十三运动 '),
('藏妇会'),
('藏独 '),
('踩江 '),
('北美巡回讲法 '),
('北京政坛清华名人 '),
('北京市委黑幕 '),
('北京黑幕 '),
('北京帮 '),
('爱国者同盟网站 '),
('爱国运动正名'),
('东伊运 '),
('东突'),
('恶警 '),
('恶党'),
('护卫团'),
('回忆六四 '),
('回民猪 '),
('回民暴动'),
('黄菊遗孀'),
('纪念达赖喇嘛流亡49周年'),
('监狱里的斗争 '),
('监狱管理局'),
('买官卖官 '),
('轮子小报 '),
('旅游新报 '),
('龙虎斗 '),
('六四资料馆 '),
('六四受难者家属证辞 '),
('六四内部日记'),
('平反六四 '),
('跑官要官'),
('清海无上师 '),
('清海师父 '),
('清官团 '),
('清场内幕 '),
('青海无上师 '),
('沁园春血'),
('钦点接班人 '),
('侵犯国外专利 '),
('亲共媒体 '),
('亲共分子 '),
('亲共 '),
('强烈抗议中共当局'),
('子女任职名'),
('http://www.ZhUiChaGuOji.org/cn/ '),
('global human rights torch relay'),
('一中一台 '),
('一党独裁'),
('夜半加税'),
('运动正名 '),
('援藏网 '),
('优化官员'),
('多党执政'),
('一国两制'),
('反革命'),
('绕过封锁'),
('赌博机'),
('卖血'),
('出售肾'),
('出售器官'),
('眼角膜'),
('求肾'),
('换肾'),
('有偿肾'),
('预测答案'),
('考前预测'),
('押题'),
('代写论文'),
('司考答案'),
('带考'),
('待考'),
('提供答案'),
('包过'),
('考后付款'),
('考题'),
('顺利过'),
('级答案'),
('传送答案'),
('替考'),
('助考'),
('保过'),
('六级'),
('考中答案'),
('无线耳机'),
('语音传送'),
('考试作弊'),
('考前密卷'),
('四六级答案'),
('漏题'),
('短信答案'),
('轻松过'),
('四大舰队'),
('8023部队'),
('防区和任务'),
('编成与基地'),
('空军部署'),
('陆军部署'),
('海军部署'),
('七个军区'),
('七大军区'),
('7个军区'),
('7大军区'),
('不办人事'),
('圣战组织'),
('劣等民族'),
('劣等人'),
('北大校园BBS'),
('回汉冲突'),
('民族冲突'),
('鞭满'),
('关塔摩'),
('民族问题'),
('伊斯兰'),
('惨案'),
('红客联盟'),
('靖国'),
('招收'),
('雇佣'),
('围攻'),
('参拜'),
('文革'),
('中特'),
('一肖'),
('报码'),
('合彩'),
('香港彩'),
('彩宝'),
('3D轮盘'),
('liuhecai'),
('一码'),
('盗号'),
('盗取密码'),
('盗取qq'),
('买真枪'),
('嗑药'),
('手机监听'),
('帮招人'),
('社会混'),
('拜大哥'),
('电警棒'),
('枪支'),
('帮人怀孕'),
('打手'),
('征兵计划'),
('切腹'),
('杀手'),
('自杀'),
('电鸡'),
('仿真手枪'),
('证件'),
('做炸弹'),
('买枪'),
('卖枪'),
('氯胺酮'),
('ONS'),
('走私车'),
('代孕'),
('史久武'),
('刘亚洲'),
('李登辉'),
('江猪'),
('耀邦'),
('马英九'),
('胡锦'),
('邓矮子'),
('xiaoping'),
('邓狗'),
('曾培炎'),
('俞正声'),
('张德江'),
('张立昌'),
('吴仪'),
('刘淇'),
('回良玉'),
('王兆国'),
('王乐泉'),
('徐才厚'),
('王刚'),
('贺国强'),
('周永康'),
('刘云山'),
('罗干'),
('曾庆红'),
('贾庆林'),
('吴邦国'),
('活体取肾'),
('苏家屯'),
('九抨'),
('无网界'),
('车仑大法'),
('李红痔'),
('XX功'),
('法仑功'),
('FL大法'),
('zifen'),
('李大轮子'),
('jiuping'),
('影子政府'),
('张宏堡'),
('张宏宝'),
('中功'),
('李晓英'),
('轮功'),
('董元辰'),
('大妓院'),
('法0功'),
('法O功'),
('9坪'),
('法伦'),
('法L'),
('fa轮'),
('9评'),
('九凭'),
('LHZ'),
('自焚'),
('藏字石'),
('李洪X'),
('9ping'),
('九ping'),
('自fen'),
('法X功'),
('轮子功'),
('FL功'),
('flg'),
('法某功'),
('东方闪电'),
('38集团军'),
('吾爾開希'),
('64时期'),
('TAM'),
('紫阳'),
('北京风波'),
('政治风波'),
('xuechao'),
('八九六四'),
('8964'),
('liusi'),
('89风波'),
('4事件'),
('6四'),
('四事件'),
('六4'),
('二十四事件'),
('历史的伤口'),
('年的事'),
('1989年'),
('一九八九年'),
('年事件'),
('学生领袖'),
('学潮'),
('杀害学生'),
('八九年'),
('tiananmen'),
('流血事件'),
('民主女神'),
('89之'),
('89事件'),
('17年前'),
('血染的风采'),
('广场事件'),
('89年'),
('屠杀学生'),
('暴行'),
('何新'),
('天安门事件'),
('六四信息'),
('官匪一家'),
('警匪一家'),
('暴力执法'),
('示wei'),
('袁伟民'),
('9.12事件'),
('8.18事件'),
('瑞安事件'),
('武装镇压'),
('武力镇压'),
('暴力袭警'),
('集体抗议'),
('警民冲突'),
('群众冲击'),
('复员'),
('民主'),
('股民'),
('造反'),
('信访'),
('军转'),
('聚集'),
('买断'),
('罢市'),
('维权'),
('上访'),
('示威'),
('陪聊'),
('h图'),
('h漫'),
('开苞'),
('找男'),
('找女'),
('口淫'),
('女士服务'),
('卖身'),
('元一夜'),
('男奴'),
('女奴'),
('电话交友'),
('激情交友'),
('激情电话'),
('看JJ'),
('幼交'),
('性伙伴'),
('有偿服务'),
('做台'),
('厕奴'),
('骚女'),
('嫩逼'),
('一夜激情'),
('母子乱伦'),
('泡友'),
('富姐'),
('富婆'),
('足交'),
('群交'),
('阴户'),
('乳交'),
('屁眼'),
('性服务'),
('性伴侣'),
('反社会主义'),
('现在的公安'),
('第二首都'),
('中国复兴党'),
('共贼'),
('联盟党'),
('同盟党'),
('言论自由'),
('专政'),
('一党专政'),
('一党私利'),
('软弱外交'),
('政府无能'),
('一党执政'),
('讨厌中国'),
('张志新'),
('现在的党'),
('外蒙回归'),
('香港独立'),
('上海独立'),
('北京独立'),
('民主还专政'),
('人权保护'),
('蒋公'),
('中正纪念歌'),
('中国人权'),
('台独'),
('台du'),
('国统纲领'),
('国统会'),
('网络警察'),
('纪念文革'),
('共独'),
('陆独'),
('现在的社会'),
('上海帮'),
('现在的政府'),
('反对党'),
('现在的共产党'),
('铁血师'),
('现在的警察'),
('共产觉'),
('灭共'),
('社会主义灭亡'),
('不爱党'),
('共X党'),
('独夫民贼'),
('伪大'),
('伪政府'),
('第三次世界大战'),
('自由亚洲'),
('公产党'),
('夺权'),
('网特'),
('GONG党'),
('CCP'),
('中共洗脑'),
('反G'),
('死刑现场'),
('雍战胜'),
('校园改造工程'),
('记签'),
('王政'),
('华闻'),
('张文中'),
('饲养基地'),
('涿州'),
('集会'),
('中组部前部长直言'),
('广安事件'),
('四川广安'),
('段桂清'),
('寂寞少妇'),
('有偿捐献'),
('6合'),
('六合'),
('六HE彩'),
('偷拍'),
('有码'),
('无码'),
('包养'),
('海洛因'),
('犬交'),
('兽交'),
('根浴'),
('买肾'),
('卖肾'),
('肾源'),
('小电影'),
('援交'),
('性息'),
('裸聊'),
('夫妻交换'),
('广安'),
('中石油国家电网倒数'),
('国办发'),
('中办发'),
('菊暴'),
('菊爆'),
('暴菊'),
('爆菊'),
('小口径'),
('性虐'),
('性爱'),
('刻章'),
('我虽死去'),
('我们自杀吧'),
('胡锦涛'),
('共产党'),
('吃人'),
('GCD'),
('西藏作家组织'),
('投毒杀人'),
('自杀指南'),
('盘古乐队'),
('肉棍'),
('自由西藏'),
('自由门'),
('自烧'),
('自杀手册'),
('转法论'),
('转法轮'),
('属灵教'),
('主神教'),
('重阳兵变'),
('中央黑幕'),
('中南海权力斗争'),
('中南海黑幕'),
('中南海恩仇录'),
('中南海斗争'),
('中南海的权力游戏'),
('中华养生益智气'),
('中华养生益智功'),
('中华昆仑女神功'),
('中国猪'),
('中国支配下的朝鲜经济'),
('中国政府封锁消息'),
('中国正义党'),
('中国舆论监督网周洪'),
('中国网络审查'),
('中国贪官在海外'),
('中国实行血腥教育'),
('中国人民党'),
('中国没有自由'),
('中国海外腐败兵团'),
('中国过渡政府'),
('中国官场情杀案'),
('中国共和党'),
('中国高层权力斗争'),
('中共政治游戏'),
('中共邪毒素'),
('中共邪党'),
('中共退党'),
('中共三大势力谁来执政'),
('中共任用'),
('中共权力斗争'),
('中共恐惧'),
('中共近期权力斗争'),
('中共解体'),
('中共黑帮'),
('中共腐败'),
('中共封网'),
('中共封锁'),
('中共独裁'),
('中共第五代'),
('中共第六代'),
('中共帝国'),
('中共的罪恶'),
('中共的血旗'),
('中共的腐败与残暴'),
('中共党文化'),
('中共裁'),
('中共保命'),
('中共帮凶'),
('支那猪'),
('支那'),
('支持台湾独立'),
('政治人祸的源头'),
('政治局委员增加一倍'),
('政治局十七'),
('真善忍'),
('运动正名'),
('援藏网'),
('元极功'),
('渊盖苏文'),
('宇宙主佛'),
('宇宙毁灭'),
('宇宙大法'),
('优化官员'),
('婴儿汤'),
('一中一台'),
('一通健康法'),
('一通功'),
('一党独裁'),
('夜半加税'),
('业力轮'),
('业力回报'),
('耶稣基督血水圣灵全备福音布道团'),
('燕玲论坛'),
('延安日记'),
('循环轮回论'),
('血腥清场'),
('血色京畿'),
('血色京机'),
('血溅人民天堂'),
('性奴集中营'),
('兴华论谈'),
('新中华战记'),
('新闻总署态度蛮横'),
('新搪人'),
('新唐人'),
('新疆独立'),
('新疆暴乱'),
('小活佛'),
('消业之说'),
('向巴平措'),
('香功'),
('西藏人民大起义运动'),
('西藏独立'),
('无人性的政权'),
('无官正'),
('无耻语录'),
('无帮国'),
('乌云其木格'),
('瘟家宝'),
('温休曾退'),
('温下台'),
('温加饱'),
('魏京生'),
('未来的自由中国在民间'),
('伪基百科'),
('为党不为国'),
('网络封锁'),
('网管办'),
('亡共者胡'),
('亡党'),
('万法归一功'),
('退h集会'),
('推翻专制独裁的共产党'),
('突破网封索的软件'),
('统治术'),
('统一教'),
('挺胡'),
('天葬'),
('天音功'),
('天要亡'),
('天要灭'),
('天灭中共'),
('特务机构'),
('特别党费'),
('太王四神记'),
('台湾有权独立'),
('台湾应该独立'),
('台湾国'),
('台湾独立'),
('四二六社论'),
('四川朱昱'),
('四川大地震异象揭密'),
('司马璐回忆录'),
('税务总局致歉'),
('谁为腐败晚餐买单'),
('谁是新中国'),
('谁是胡的接班人'),
('双桨飞机'),
('树亲民形象不如推动政改'),
('世界之门'),
('世界以利亚福音宣教会'),
('世界十大独裁者'),
('世界基督教统一神灵协会'),
('实际神'),
('十七位老部长'),
('十七大人事安排'),
('十七大权力争霸战'),
('十大独裁'),
('十八大接班人'),
('师涛'),
('剩火'),
('圣灵重建教会'),
('圣火护卫'),
('圣殿教'),
('生命树的分叉'),
('沈昌人体科技'),
('沈昌功'),
('神州忏悔录'),
('神的教会'),
('涉台政局'),
('沙皇李长春'),
('三脱'),
('三退'),
('三三九乘元功'),
('三股势力'),
('三二二攻台作战计划'),
('三二二攻台作战'),
('三班仆人派'),
('赛克网'),
('萨斯病'),
('日月气功'),
('人宇特能功'),
('人民币恶搞'),
('人类罪恶论'),
('群体灭绝'),
('全范围教会'),
('清华帮'),
('清海无上师'),
('清海师父'),
('清官团'),
('清场内幕'),
('青海无上师'),
('沁园春血'),
('钦点接班人'),
('侵犯国外专利'),
('亲共媒体'),
('亲共分子'),
('亲共'),
('强烈抗议中共当局'),
('千禧弘法'),
('器官贩卖'),
('平反六四'),
('跑官要官'),
('派系斗争'),
('女神教'),
('鸟巢最少死'),
('内争人权'),
('牟新生'),
('漠视生命自私到了极点的中共政权'),
('末世论'),
('末世劫难'),
('魔难论'),
('明镜出版社'),
('明慧网'),
('明hui'),
('民主不能等待'),
('民运'),
('民殇'),
('灭中共'),
('迷失北京'),
('蒙古回归'),
('门徒会'),
('毛主席的嫡孙'),
('毛贼'),
('毛泽东侄子'),
('毛泽东复活'),
('毛时代大饥荒揭秘'),
('买官卖官'),
('轮子小报'),
('旅游新报'),
('龙虎斗'),
('六四资料馆'),
('六四受难者家属证辞'),
('六四内部日记'),
('六合彩'),
('六代接班人'),
('留四进三'),
('流亡藏人'),
('领导忽悠百姓叫号召'),
('临震预报'),
('练功群众'),
('李伟信的笔供'),
('李洪志'),
('拉线飞机'),
('拉萨僧人接连抗议'),
('拉票贿选'),
('拉帮游说'),
('昆仑女神功'),
('恐共'),
('空中民主墙'),
('抗议中共当局'),
('抗议磁悬浮'),
('开天目'),
('卡辛纳大道和三福大道交界处'),
('救度众生说'),
('京夫子'),
('津人治津'),
('解体中共'),
('解体的命运'),
('讲法传功'),
('疆独'),
('江贼民'),
('江贼'),
('江宰民'),
('江系人马'),
('江戏子'),
('江梳头'),
('江氏政治委员'),
('江氏政治局'),
('江氏家族'),
('江氏集团'),
('江三条腿'),
('江人马'),
('江泉集团'),
('江派人马'),
('江派和胡派'),
('江派'),
('江绵恒'),
('江驴'),
('江家帮'),
('江祸心'),
('江黑心'),
('江核心'),
('江蛤蟆'),
('江独裁'),
('江毒'),
('江嫡系'),
('江丑闻'),
('江z民'),
('监狱里的斗争'),
('监狱管理局'),
('妓女的口号'),
('纪念达赖喇嘛流亡49周年'),
('疾病业债说'),
('激流中国'),
('基督灵恩布道团'),
('积克馆'),
('活摘器官'),
('回忆六四'),
('回民猪'),
('回民暴动'),
('黄菊遗孀'),
('话在肉身显现'),
('华藏功'),
('护卫团'),
('胡下台'),
('胡温'),
('胡派人马'),
('胡派军委'),
('胡派'),
('胡进涛'),
('胡紧套'),
('胡紧掏'),
('胡江争斗'),
('胡江曾'),
('胡江关系'),
('胡江风云'),
('胡江'),
('胡的接班人'),
('红病历'),
('哈狗帮'),
('观音法门'),
('共字玄机'),
('共青团派'),
('共青背景'),
('共和国2049'),
('共匪'),
('共党'),
('共产主义黑皮书'),
('共产党专制'),
('共产党的末日'),
('共产党的报应'),
('个邪的党'),
('个人圆满说'),
('蛤蟆转世'),
('佛怀煽仇录'),
('芳香型智悟气功'),
('反中共黑色暴力'),
('反共言论'),
('反共传单'),
('反攻大陆'),
('反腐总攻'),
('反对日本介入中国铁路工业'),
('反对共产主义'),
('反对共产党'),
('反党'),
('珐(工力)学'),
('法西藏主义'),
('法能功'),
('法论功'),
('法轮义'),
('法轮功'),
('法轮公'),
('法轮工'),
('法轮佛法'),
('法轮大法'),
('法轮'),
('法力像佛'),
('法拉盛缅街'),
('法拉盛'),
('法功'),
('发轮功陈果'),
('发轮功'),
('发伦工'),
('发仑da发'),
('恶警'),
('恶搞人民币'),
('恶党'),
('对中共的姑息就是对死难者的残忍'),
('对共产党清算'),
('东伊运'),
('东突'),
('第五代接班梯队'),
('第五代红人'),
('递进民主'),
('抵制北京奥运'),
('邓颖超日记'),
('党内言事潮'),
('党内危机'),
('党内权争'),
('党内权力'),
('党禁'),
('党棍'),
('党风日下'),
('大圆满法'),
('大学暴动'),
('大法修炼者'),
('大法弟子'),
('打砸抢'),
('达米宣教会'),
('慈悲功'),
('传九退三'),
('赤匪'),
('成佛做主'),
('禅密功'),
('藏独'),
('踩江'),
('北美巡回讲法'),
('北京政坛清华名人'),
('北京市委黑幕'),
('北京黑幕'),
('北京帮'),
('爱国者同盟网站'),
('爱国运动正名'),
('www.cipfg.org'),
('wenjiabao'),
('VOA采访热比娅'),
('tuidang'),
('Seven Years in Tibet'),
('Red Corner'),
('Power to the Falun Gong'),
('m功学'),
('minghui'),
('lihongzhi'),
('huzhuxi'),
('http://www.ZhUiChaGuOji.org/cn/'),
('global human rights torch relay'),
('Fa轮功'),
('fanhua'),
('fangong'),
('falungong'),
('falundafa'),
('FaLun'),
('bjork'),
('89学潮血腥屠杀'),
('89学潮大屠杀'),
('70天大事记'),
('64大屠杀'),
('3退'),
('322攻台作战计划'),
('《中国民主》'),
('《争鸣》'),
('《动向》'),
('脏独'),
('脏毒'),
('西藏国家民主党'),
('反共'),
('藏青会'),
('自由西藏学生运动'),
('九十三运动'),
('藏妇会'),
('摇头丸'),
('出售假币'),
('监听王'),
('昏药'),
('侦探设备'),
('升达毕业证'),
('手机复制'),
('佳静安定片'),
('蒙汗药粉'),
('古方迷香'),
('强效失忆药'),
('迷奸药'),
('透视眼睛'),
('子女任职名'),
('催情药'),
('拍肩神'),
('身份证生成器'),
('三唑仑'),
('麻醉乙醚'),
('最后圆满'),
('作弊器'),
('治疗肿瘤'),
('治疗乙肝'),
('治疗性病'),
('治疗红斑狼疮'),
('针孔摄像机'),
('债务公司'),
('游戏机破解'),
('隐形摄像机'),
('隐形耳机'),
('隐蔽式摄像机'),
('银行卡复制设备'),
('一卡多号'),
('遥控信号拦截器'),
('信用卡套现'),
('消防枪'),
('消防灭火枪'),
('香港生子'),
('土炮'),
('胎盘'),
('手机窃听器'),
('手机魔卡'),
('手机卡复制器'),
('手机监听器'),
('手机跟踪定位器'),
('容弹量'),
('窃听器'),
('枪模'),
('铅弹'),
('汽枪'),
('汽狗'),
('汽车走表器'),
('气枪'),
('气狗'),
('普提功'),
('女伟哥'),
('纽扣摄像机'),
('免电灯'),
('迷药'),
('迷魂药'),
('迷昏药'),
('迷幻药'),
('蒙汗药'),
('卖QQ号码'),
('麻醉药'),
('麻醉枪'),
('雷管'),
('康生丹'),
('警徽'),
('假证件'),
('假文凭'),
('假发票'),
('假币出售'),
('加油机干扰器'),
('记号扑克'),
('激光汽'),
('激光气'),
('红床'),
('狗友'),
('跟帖器'),
('干扰器'),
('仿真枪'),
('防身枪'),
('反雷达测速'),
('短信投票业务'),
('顶帖器'),
('电子狗导航手机'),
('电击枪'),
('电话追杀系统'),
('地磅遥控器'),
('地磅解码器'),
('弹种'),
('弹夹'),
('代追债'),
('代讨债'),
('春药'),
('车用电子狗'),
('避孕膜'),
('办理证件'),
('办理文凭'),
('斑蝥'),
('暗访包'),
('SIM卡复制器'),
('BB枪'),
('BB弹'),
('追债公司'),
('消声器'),
('霰弹'),
('卫星广播器材'),
('卫星高频头'),
('卫星电视'),
('土枪'),
('双筒'),
('双桶'),
('手枪'),
('手榴弹'),
('人弹'),
('麻醉弹'),
('猎枪'),
('弓弩'),
('赴港生子'),
('电狗'),
('导爆索'),
('长狗'),
('爆炸物'),
('爆破'),
('左棍'),
('生孩子没屁眼'),
('傻逼'),
('日你妈'),
('妈了个逼'),
('贱人'),
('贱货'),
('狗日的'),
('狗娘养的'),
('粪青'),
('操你妈'),
('婊子'),
('换妻'),
('成人片'),
('激情小电影'),
('黄色小电影'),
('淫靡'),
('淫水'),
('淫兽'),
('阴毛'),
('阴蒂'),
('阴道'),
('阴唇'),
('性交'),
('小穴'),
('缩阴'),
('少妇自拍'),
('色情片'),
('色情电影'),
('三级片'),
('三级电影'),
('肉棒'),
('情杀'),
('免费电影'),
('裸照'),
('奸杀'),
('乱伦'),
('口交'),
('禁网禁片'),
('激情视频'),
('激情电影'),
('黄色电影'),
('肛交'),
('春宫图'),
('SM用品'),
('自动群发'),
('证件公司'),
('网站推广软件'),
('网络推广扩散器'),
('私家侦探服务'),
('生意宝'),
('商务快车'),
('商务短信'),
('群发软件'),
('群发广告机'),
('解密软件'),
('慧聪'),
('供应发票'),
('发贴机'),
('发贴工具'),
('发票代开'),
('短信群发'),
('短信猫'),
('顶贴机'),
('点金商务'),
('代开发票'),
('特码'),
('士的宁'),
('士的年'),
('六合采'),
('乐透码'),
('皇家轮盘'),
('俄罗斯轮盘'),
('赌具'),
('彩票预测'),
('彩票选号机'),
('彩票'),
('包青天机'),
('百乐二呓'),
('百家乐'),
('阿凡提机'),
('6合彩'),
('祖母绿'),
('重亚硒酸钠'),
('粘氯酸'),
('原砷酸'),
('原藜芦碱A'),
('永伏虫'),
('蝇毒'),
('罂粟籽'),
('罂粟壳'),
('银氰化钾'),
('因毒硫磷'),
('因毒磷'),
('异氰酸甲酯'),
('异氰酸苯酯'),
('异硫氰酸烯丙酯'),
('乙酰亚砷酸铜'),
('乙酰替硫脲'),
('乙烯甲醇'),
('乙酸亚铊'),
('乙酸铊'),
('乙酸三乙基锡'),
('乙酸三甲基锡'),
('乙酸甲氧基乙基汞'),
('乙酸汞'),
('乙硼烷'),
('乙醇腈'),
('乙撑亚胺'),
('乙撑氯醇'),
('伊皮恩'),
('一氧化汞'),
('一氧化二氟'),
('一氯乙醛'),
('一氯丙酮'),
('氧氯化磷'),
('氧化亚铊'),
('氧化铊'),
('氧化汞'),
('氧化二丁基锡'),
('烟碱'),
('亚硝酰乙氧'),
('亚硝酸乙酯'),
('亚硒酸氢钠'),
('亚硒酸钠'),
('亚硒酸镁'),
('亚硒酸二钠'),
('亚硒酸'),
('亚砷酸钠'),
('亚砷酸钾'),
('亚砷（酸）酐'),
('冰毒'),
('性奴'),
('菊花洞'),
('荡妇'),
('傻逼'),
('大傻叉'),
('辣鸡');

-- --------------------------------------------------------

--
-- 表的结构 `tp_user`
--

CREATE TABLE IF NOT EXISTS `tp_user` (
  `id` int(11) NOT NULL AUTO_INCREMENT,
  `username` varchar(30) NOT NULL DEFAULT '',
  `password` varchar(32) NOT NULL DEFAULT '',
  `isTeacher` tinyint(4) NOT NULL DEFAULT '0',
  `name` varchar(32) NOT NULL,
  `say` int(11) NOT NULL DEFAULT '0',
  `time` varchar(32) DEFAULT NULL,
  PRIMARY KEY (`id`)
) ENGINE=MyISAM  DEFAULT CHARSET=utf8 AUTO_INCREMENT=16 ;

--
-- 转存表中的数据 `tp_user`
--

INSERT INTO `tp_user` (`id`, `username`, `password`, `isTeacher`, `name`, `say`, `time`) VALUES
(9, '2015317200401', '852', 0, '项健健', 1, '2016-10-28 09:02:47'),
(8, '2015317200426', '741', 0, '田尧', 1, '2016-10-28 08:59:57'),
(7, '2015317200416', '789', 0, '占鹏', 1, '2016-10-28 08:59:55'),
(6, '2015317200402', '123', 1, '朱传波', 0, ''),
(11, '2015317200409', '123', 0, '黄海明', 1, '2016-10-29 09:28:14'),
(13, '123', '123', 0, '华农', 0, NULL),
(14, '', '123', 0, '刘恩东', 0, '2016-11-01 20:41:42'),
(15, '2015317200405', 'tangping', 0, '唐平', 0, '2016-11-01 20:43:44');

/*!40101 SET CHARACTER_SET_CLIENT=@OLD_CHARACTER_SET_CLIENT */;
/*!40101 SET CHARACTER_SET_RESULTS=@OLD_CHARACTER_SET_RESULTS */;
/*!40101 SET COLLATION_CONNECTION=@OLD_COLLATION_CONNECTION */;
